ReviewDate,NumOfReviews
2005-12-09,3
2005-12-10,9
2005-12-11,5
2005-12-12,10
2005-12-13,17
2005-12-14,13
2005-12-15,8
2005-12-16,8
2005-12-17,6
2005-12-18,4
2005-12-19,10
2005-12-20,14
2005-12-21,14
2005-12-22,11
2005-12-23,12
2005-12-24,11
2005-12-25,5
2005-12-26,4
2005-12-27,9
2005-12-28,14
2005-12-29,11
2005-12-30,6
2005-12-31,4
2006-01-01,5
2006-01-02,9
2006-01-03,6
2006-01-04,12
2006-01-05,19
2006-01-06,8
2006-01-07,2
2006-01-08,3
2006-01-09,7
2006-01-10,16
2006-01-11,9
2006-01-12,13
2006-01-13,9
2006-01-14,6
2006-01-15,6
2006-01-16,11
2006-01-17,13
2006-01-18,12
2006-01-19,7
2006-01-20,12
2006-01-21,10
2006-01-22,11
2006-01-23,11
2006-01-24,15
2006-01-25,14
2006-01-26,18
2006-01-27,18
2006-01-28,14
2006-01-29,9
2006-01-30,5
2006-01-31,22
2006-02-01,52
2006-02-02,14
2006-02-03,15
2006-02-04,19
2006-02-05,11
2006-02-06,7
2006-02-07,20
2006-02-08,16
2006-02-09,7
2006-02-10,8
2006-02-11,6
2006-02-12,8
2006-02-13,7
2006-02-14,7
2006-02-15,16
2006-02-16,9
2006-02-17,12
2006-02-18,7
2006-02-19,3
2006-02-20,15
2006-02-21,8
2006-02-22,10
2006-02-23,7
2006-02-24,6
2006-02-25,6
2006-02-26,9
2006-02-27,7
2006-02-28,15
2006-03-01,12
2006-03-02,14
2006-03-03,7
2006-03-04,4
2006-03-05,8
2006-03-06,12
2006-03-07,10
2006-03-08,9
2006-03-09,9
2006-03-10,10
2006-03-11,5
2006-03-12,6
2006-03-13,6
2006-03-14,8
2006-03-15,10
2006-03-16,9
2006-03-17,8
2006-03-18,9
2006-03-19,13
2006-03-20,12
2006-03-21,11
2006-03-22,7
2006-03-23,14
2006-03-24,10
2006-03-25,16
2006-03-26,13
2006-03-27,6
2006-03-28,10
2006-03-29,7
2006-03-30,8
2006-03-31,10
2006-04-01,7
2006-04-02,5
2006-04-03,5
2006-04-04,8
2006-04-05,12
2006-04-06,17
2006-04-07,10
2006-04-08,9
2006-04-09,9
2006-04-10,6
2006-04-11,5
2006-04-12,11
2006-04-13,10
2006-04-14,7
2006-04-15,1
2006-04-16,5
2006-04-17,12
2006-04-18,14
2006-04-19,11
2006-04-20,12
2006-04-21,10
2006-04-22,10
2006-04-23,9
2006-04-24,7
2006-04-25,16
2006-04-26,9
2006-04-27,8
2006-04-28,11
2006-04-29,8
2006-04-30,1
2006-05-01,10
2006-05-02,13
2006-05-03,9
2006-05-04,19
2006-05-05,10
2006-05-06,8
2006-05-07,9
2006-05-08,9
2006-05-09,5
2006-05-10,6
2006-05-11,9
2006-05-12,6
2006-05-13,6
2006-05-14,4
2006-05-15,8
2006-05-16,15
2006-05-17,9
2006-05-18,9
2006-05-19,8
2006-05-20,4
2006-05-21,12
2006-05-22,7
2006-05-23,7
2006-05-24,8
2006-05-25,10
2006-05-26,13
2006-05-27,11
2006-05-28,16
2006-05-29,5
2006-05-30,16
2006-05-31,13
2006-06-01,3
2006-06-02,4
2006-06-03,5
2006-06-04,7
2006-06-05,11
2006-06-06,6
2006-06-07,10
2006-06-08,13
2006-06-09,11
2006-06-10,8
2006-06-11,6
2006-06-12,6
2006-06-13,13
2006-06-14,10
2006-06-15,8
2006-06-16,3
2006-06-17,6
2006-06-18,10
2006-06-19,6
2006-06-20,8
2006-06-21,13
2006-06-22,6
2006-06-23,3
2006-06-24,4
2006-06-25,11
2006-06-26,10
2006-06-27,5
2006-06-28,8
2006-06-29,11
2006-06-30,9
2006-07-01,6
2006-07-02,9
2006-07-03,15
2006-07-04,6
2006-07-05,9
2006-07-06,10
2006-07-07,10
2006-07-08,4
2006-07-09,6
2006-07-10,6
2006-07-11,6
2006-07-12,15
2006-07-13,5
2006-07-14,15
2006-07-15,5
2006-07-16,10
2006-07-17,10
2006-07-18,9
2006-07-19,10
2006-07-20,8
2006-07-21,4
2006-07-22,4
2006-07-23,3
2006-07-24,7
2006-07-25,11
2006-07-26,7
2006-07-27,6
2006-07-28,10
2006-07-29,7
2006-07-30,10
2006-07-31,9
2006-08-01,7
2006-08-02,10
2006-08-03,6
2006-08-04,6
2006-08-05,6
2006-08-06,9
2006-08-07,5
2006-08-08,15
2006-08-09,9
2006-08-10,10
2006-08-11,8
2006-08-12,6
2006-08-13,6
2006-08-14,8
2006-08-15,9
2006-08-16,8
2006-08-17,5
2006-08-18,6
2006-08-19,6
2006-08-20,14
2006-08-21,11
2006-08-22,8
2006-08-23,10
2006-08-24,17
2006-08-25,6
2006-08-26,9
2006-08-27,8
2006-08-28,14
2006-08-29,13
2006-08-30,8
2006-08-31,11
2006-09-01,7
2006-09-02,16
2006-09-03,8
2006-09-04,9
2006-09-05,7
2006-09-06,6
2006-09-07,6
2006-09-08,8
2006-09-09,13
2006-09-10,10
2006-09-11,11
2006-09-12,7
2006-09-13,9
2006-09-14,24
2006-09-15,5
2006-09-16,10
2006-09-17,2
2006-09-18,11
2006-09-19,8
2006-09-20,9
2006-09-21,6
2006-09-22,6
2006-09-23,5
2006-09-24,8
2006-09-25,7
2006-09-26,7
2006-09-27,15
2006-09-28,12
2006-09-29,15
2006-09-30,8
2006-10-01,5
2006-10-02,9
2006-10-03,15
2006-10-04,19
2006-10-05,14
2006-10-06,8
2006-10-07,7
2006-10-08,10
2006-10-09,14
2006-10-10,11
2006-10-11,13
2006-10-12,17
2006-10-13,11
2006-10-14,8
2006-10-15,10
2006-10-16,15
2006-10-17,9
2006-10-18,13
2006-10-19,10
2006-10-20,9
2006-10-21,7
2006-10-22,11
2006-10-23,6
2006-10-24,23
2006-10-25,13
2006-10-26,13
2006-10-27,10
2006-10-28,4
2006-10-29,12
2006-10-30,15
2006-10-31,7
2006-11-01,8
2006-11-02,9
2006-11-03,7
2006-11-04,12
2006-11-05,2
2006-11-06,12
2006-11-07,14
2006-11-08,8
2006-11-09,8
2006-11-10,6
2006-11-11,4
2006-11-12,5
2006-11-13,7
2006-11-14,5
2006-11-15,5
2006-11-16,7
2006-11-17,10
2006-11-18,4
2006-11-19,12
2006-11-20,7
2006-11-21,7
2006-11-22,9
2006-11-23,6
2006-11-24,5
2006-11-25,6
2006-11-26,7
2006-11-27,6
2006-11-28,8
2006-11-29,9
2006-11-30,8
2006-12-01,13
2006-12-02,5
2006-12-03,14
2006-12-04,4
2006-12-05,12
2006-12-06,10
2006-12-07,6
2006-12-08,5
2006-12-09,4
2006-12-10,4
2006-12-11,5
2006-12-12,9
2006-12-13,5
2006-12-14,19
2006-12-15,17
2006-12-16,5
2006-12-17,10
2006-12-18,14
2006-12-19,11
2006-12-20,13
2006-12-21,8
2006-12-22,1
2006-12-27,4
2006-12-28,34
2006-12-29,12
2006-12-30,10
2006-12-31,8
2007-01-01,8
2007-01-02,14
2007-01-03,9
2007-01-04,13
2007-01-05,11
2007-01-06,6
2007-01-07,12
2007-01-08,14
2007-01-09,5
2007-01-10,20
2007-01-11,20
2007-01-12,9
2007-01-13,14
2007-01-14,16
2007-01-15,13
2007-01-16,21
2007-01-17,19
2007-01-18,7
2007-01-19,14
2007-01-20,13
2007-01-21,18
2007-01-22,9
2007-01-23,15
2007-01-24,13
2007-01-25,13
2007-01-26,10
2007-01-27,7
2007-01-28,10
2007-01-29,15
2007-01-30,19
2007-01-31,22
2007-02-01,20
2007-02-02,24
2007-02-03,16
2007-02-04,20
2007-02-05,24
2007-02-06,24
2007-02-07,22
2007-02-08,19
2007-02-09,23
2007-02-10,15
2007-02-11,19
2007-02-12,15
2007-02-13,19
2007-02-14,23
2007-02-15,16
2007-02-16,22
2007-02-17,15
2007-02-18,23
2007-02-19,24
2007-02-20,23
2007-02-21,14
2007-02-22,21
2007-02-23,21
2007-02-24,15
2007-02-25,11
2007-02-26,7
2007-02-27,18
2007-02-28,23
2007-03-01,12
2007-03-02,13
2007-03-03,14
2007-03-04,18
2007-03-05,18
2007-03-06,16
2007-03-07,11
2007-03-08,14
2007-03-09,13
2007-03-10,5
2007-03-11,13
2007-03-12,18
2007-03-13,22
2007-03-14,18
2007-03-15,28
2007-03-16,21
2007-03-17,23
2007-03-18,13
2007-03-19,15
2007-03-20,22
2007-03-21,20
2007-03-22,23
2007-03-23,12
2007-03-24,12
2007-03-25,20
2007-03-26,22
2007-03-27,21
2007-03-28,11
2007-03-29,16
2007-03-30,18
2007-03-31,19
2007-04-01,19
2007-04-02,14
2007-04-03,19
2007-04-04,19
2007-04-05,26
2007-04-06,15
2007-04-07,20
2007-04-08,13
2007-04-09,20
2007-04-10,17
2007-04-11,19
2007-04-12,23
2007-04-13,16
2007-04-14,22
2007-04-15,19
2007-04-16,13
2007-04-17,25
2007-04-18,22
2007-04-19,17
2007-04-20,10
2007-04-21,12
2007-04-22,15
2007-04-23,14
2007-04-24,22
2007-04-25,22
2007-04-26,15
2007-04-27,15
2007-04-28,10
2007-04-29,14
2007-04-30,22
2007-05-01,20
2007-05-02,18
2007-05-03,21
2007-05-04,21
2007-05-05,14
2007-05-06,15
2007-05-07,21
2007-05-08,13
2007-05-09,18
2007-05-10,15
2007-05-11,15
2007-05-12,14
2007-05-13,15
2007-05-14,9
2007-05-15,12
2007-05-16,8
2007-05-17,15
2007-05-18,9
2007-05-19,15
2007-05-20,9
2007-05-21,16
2007-05-22,11
2007-05-23,13
2007-05-24,12
2007-05-25,14
2007-05-26,8
2007-05-27,13
2007-05-28,12
2007-05-29,18
2007-05-30,16
2007-05-31,13
2007-06-01,16
2007-06-02,15
2007-06-03,12
2007-06-04,16
2007-06-05,14
2007-06-06,15
2007-06-07,17
2007-06-08,16
2007-06-09,15
2007-06-10,12
2007-06-11,12
2007-06-12,26
2007-06-13,14
2007-06-14,19
2007-06-15,10
2007-06-16,12
2007-06-17,16
2007-06-18,15
2007-06-19,16
2007-06-20,25
2007-06-21,17
2007-06-22,22
2007-06-23,9
2007-06-24,13
2007-06-25,13
2007-06-26,22
2007-06-27,14
2007-06-28,3
2007-06-29,21
2007-06-30,18
2007-07-01,15
2007-07-02,9
2007-07-03,12
2007-07-04,11
2007-07-05,21
2007-07-06,16
2007-07-07,17
2007-07-08,16
2007-07-09,19
2007-07-10,18
2007-07-11,16
2007-07-12,22
2007-07-13,9
2007-07-14,18
2007-07-15,14
2007-07-16,16
2007-07-17,16
2007-07-18,24
2007-07-19,22
2007-07-20,9
2007-07-21,10
2007-07-22,7
2007-07-23,15
2007-07-24,22
2007-07-25,12
2007-07-26,19
2007-07-27,19
2007-07-28,17
2007-07-29,10
2007-07-30,21
2007-07-31,16
2007-08-01,13
2007-08-02,12
2007-08-03,16
2007-08-04,10
2007-08-05,15
2007-08-06,15
2007-08-07,15
2007-08-08,18
2007-08-09,15
2007-08-10,13
2007-08-11,17
2007-08-12,19
2007-08-13,17
2007-08-14,15
2007-08-15,18
2007-08-16,15
2007-08-17,9
2007-08-18,17
2007-08-19,14
2007-08-20,18
2007-08-21,11
2007-08-22,16
2007-08-23,11
2007-08-24,16
2007-08-25,17
2007-08-26,15
2007-08-27,15
2007-08-28,22
2007-08-29,34
2007-08-30,14
2007-08-31,12
2007-09-01,9
2007-09-02,10
2007-09-03,18
2007-09-04,17
2007-09-05,14
2007-09-06,15
2007-09-07,10
2007-09-08,17
2007-09-09,14
2007-09-10,27
2007-09-11,22
2007-09-12,18
2007-09-13,16
2007-09-14,25
2007-09-15,11
2007-09-16,19
2007-09-17,12
2007-09-18,23
2007-09-19,13
2007-09-20,15
2007-09-21,26
2007-09-22,10
2007-09-23,17
2007-09-24,13
2007-09-25,9
2007-09-26,9
2007-09-27,13
2007-09-28,8
2007-09-29,26
2007-09-30,26
2007-10-01,10
2007-10-02,22
2007-10-03,16
2007-10-04,20
2007-10-05,27
2007-10-06,18
2007-10-07,29
2007-10-08,34
2007-10-09,35
2007-10-10,23
2007-10-11,33
2007-10-12,12
2007-10-13,11
2007-10-14,22
2007-10-15,11
2007-10-16,20
2007-10-17,23
2007-10-18,17
2007-10-19,16
2007-10-20,12
2007-10-21,16
2007-10-22,12
2007-10-23,17
2007-10-24,16
2007-10-25,14
2007-10-26,8
2007-10-27,9
2007-10-28,18
2007-10-29,17
2007-10-30,23
2007-10-31,17
2007-11-01,18
2007-11-02,19
2007-11-03,15
2007-11-04,19
2007-11-05,28
2007-11-06,29
2007-11-07,24
2007-11-08,16
2007-11-09,19
2007-11-10,14
2007-11-11,17
2007-11-12,22
2007-11-13,14
2007-11-14,12
2007-11-15,16
2007-11-16,10
2007-11-17,19
2007-11-18,13
2007-11-19,19
2007-11-20,16
2007-11-21,20
2007-11-22,17
2007-11-23,13
2007-11-24,13
2007-11-25,16
2007-11-26,9
2007-11-27,16
2007-11-28,13
2007-11-29,8
2007-11-30,11
2007-12-01,24
2007-12-02,17
2007-12-03,14
2007-12-04,20
2007-12-05,18
2007-12-06,12
2007-12-07,20
2007-12-08,11
2007-12-09,19
2007-12-10,22
2007-12-11,18
2007-12-12,17
2007-12-13,21
2007-12-14,14
2007-12-15,11
2007-12-16,10
2007-12-17,15
2007-12-18,11
2007-12-19,16
2007-12-20,15
2007-12-21,9
2007-12-22,8
2007-12-27,76
2007-12-28,26
2007-12-29,11
2007-12-30,16
2007-12-31,18
2008-01-01,12
2008-01-02,19
2008-01-03,21
2008-01-04,8
2008-01-05,14
2008-01-06,26
2008-01-07,22
2008-01-08,26
2008-01-09,20
2008-01-10,25
2008-01-11,24
2008-01-12,23
2008-01-13,17
2008-01-14,27
2008-01-15,38
2008-01-16,38
2008-01-17,22
2008-01-18,24
2008-01-19,25
2008-01-20,24
2008-01-21,24
2008-01-22,27
2008-01-23,25
2008-01-24,24
2008-01-25,18
2008-01-26,20
2008-01-27,30
2008-01-28,30
2008-01-29,29
2008-01-30,31
2008-01-31,18
2008-02-01,25
2008-02-02,25
2008-02-03,17
2008-02-04,30
2008-02-05,24
2008-02-06,26
2008-02-07,21
2008-02-08,22
2008-02-09,21
2008-02-10,23
2008-02-11,19
2008-02-12,27
2008-02-13,28
2008-02-14,21
2008-02-15,19
2008-02-16,19
2008-02-17,16
2008-02-18,24
2008-02-19,24
2008-02-20,26
2008-02-21,26
2008-02-22,26
2008-02-23,26
2008-02-24,21
2008-02-25,33
2008-02-26,20
2008-02-27,28
2008-02-28,20
2008-02-29,16
2008-03-01,23
2008-03-02,27
2008-03-03,24
2008-03-04,34
2008-03-05,32
2008-03-06,23
2008-03-07,20
2008-03-08,22
2008-03-09,24
2008-03-10,22
2008-03-11,21
2008-03-12,23
2008-03-13,15
2008-03-14,18
2008-03-15,11
2008-03-16,26
2008-03-17,18
2008-03-18,17
2008-03-19,17
2008-03-20,18
2008-03-21,20
2008-03-22,14
2008-03-23,27
2008-03-24,24
2008-03-25,26
2008-03-26,26
2008-03-27,29
2008-03-28,22
2008-03-29,24
2008-03-30,39
2008-03-31,24
2008-04-01,42
2008-04-02,29
2008-04-03,35
2008-04-04,24
2008-04-05,21
2008-04-06,30
2008-04-07,27
2008-04-08,28
2008-04-09,22
2008-04-10,22
2008-04-11,23
2008-04-12,18
2008-04-13,18
2008-04-14,22
2008-04-15,31
2008-04-16,35
2008-04-17,25
2008-04-18,20
2008-04-19,14
2008-04-20,20
2008-04-21,25
2008-04-22,29
2008-04-23,19
2008-04-24,23
2008-04-25,19
2008-04-26,14
2008-04-27,20
2008-04-28,27
2008-04-29,26
2008-04-30,16
2008-05-01,24
2008-05-02,12
2008-05-03,13
2008-05-04,18
2008-05-05,19
2008-05-06,26
2008-05-07,26
2008-05-08,32
2008-05-09,22
2008-05-10,11
2008-05-11,19
2008-05-12,23
2008-05-13,26
2008-05-14,23
2008-05-15,20
2008-05-16,19
2008-05-17,27
2008-05-18,19
2008-05-19,27
2008-05-20,31
2008-05-21,20
2008-05-22,34
2008-05-23,22
2008-05-24,17
2008-05-25,7
2008-05-26,28
2008-05-27,35
2008-05-28,26
2008-05-29,19
2008-05-30,12
2008-05-31,21
2008-06-01,21
2008-06-02,27
2008-06-03,26
2008-06-04,21
2008-06-05,25
2008-06-06,18
2008-06-07,17
2008-06-08,20
2008-06-09,25
2008-06-10,23
2008-06-11,16
2008-06-12,26
2008-06-13,21
2008-06-14,19
2008-06-15,16
2008-06-16,19
2008-06-17,19
2008-06-18,32
2008-06-19,33
2008-06-20,23
2008-06-21,20
2008-06-22,23
2008-06-23,34
2008-06-24,35
2008-06-25,25
2008-06-26,20
2008-06-27,27
2008-06-28,15
2008-06-29,18
2008-06-30,22
2008-07-01,28
2008-07-02,39
2008-07-03,21
2008-07-04,17
2008-07-05,16
2008-07-06,18
2008-07-07,25
2008-07-08,29
2008-07-09,37
2008-07-10,29
2008-07-11,4
2008-07-13,41
2008-07-14,41
2008-07-15,27
2008-07-16,34
2008-07-17,29
2008-07-18,21
2008-07-19,20
2008-07-20,19
2008-07-21,24
2008-07-22,25
2008-07-23,31
2008-07-24,31
2008-07-25,24
2008-07-26,14
2008-07-27,32
2008-07-28,28
2008-07-29,35
2008-07-30,28
2008-07-31,31
2008-08-01,25
2008-08-02,23
2008-08-03,29
2008-08-04,16
2008-08-05,29
2008-08-06,27
2008-08-07,30
2008-08-08,28
2008-08-09,23
2008-08-10,33
2008-08-11,37
2008-08-12,23
2008-08-13,26
2008-08-14,25
2008-08-15,15
2008-08-16,22
2008-08-17,20
2008-08-18,25
2008-08-19,36
2008-08-20,26
2008-08-21,31
2008-08-22,23
2008-08-23,17
2008-08-24,27
2008-08-25,21
2008-08-26,25
2008-08-27,25
2008-08-28,14
2008-08-29,17
2008-08-30,17
2008-08-31,19
2008-09-01,33
2008-09-02,23
2008-09-03,25
2008-09-04,51
2008-09-05,50
2008-09-06,43
2008-09-07,41
2008-09-08,24
2008-09-09,35
2008-09-10,25
2008-09-11,31
2008-09-12,26
2008-09-13,22
2008-09-14,18
2008-09-15,26
2008-09-16,33
2008-09-17,23
2008-09-18,19
2008-09-19,22
2008-09-20,32
2008-09-21,22
2008-09-22,21
2008-09-23,21
2008-09-24,32
2008-09-25,25
2008-09-26,17
2008-09-27,21
2008-09-28,24
2008-09-29,25
2008-09-30,23
2008-10-01,18
2008-10-02,13
2008-10-03,19
2008-10-04,17
2008-10-05,14
2008-10-06,29
2008-10-07,31
2008-10-08,24
2008-10-09,30
2008-10-10,19
2008-10-11,11
2008-10-12,25
2008-10-13,21
2008-10-14,26
2008-10-15,23
2008-10-16,20
2008-10-17,15
2008-10-18,13
2008-10-19,13
2008-10-20,29
2008-10-21,30
2008-10-22,25
2008-10-23,30
2008-10-24,23
2008-10-25,17
2008-10-26,22
2008-10-27,16
2008-10-28,24
2008-10-29,19
2008-10-30,22
2008-10-31,14
2008-11-01,17
2008-11-02,26
2008-11-03,15
2008-11-04,20
2008-11-05,21
2008-11-06,14
2008-11-07,33
2008-11-08,16
2008-11-09,24
2008-11-10,24
2008-11-11,18
2008-11-12,25
2008-11-13,25
2008-11-14,20
2008-11-15,18
2008-11-16,25
2008-11-17,20
2008-11-18,22
2008-11-19,17
2008-11-20,17
2008-11-21,15
2008-11-22,25
2008-11-23,14
2008-11-24,18
2008-11-25,24
2008-11-26,14
2008-11-27,19
2008-11-28,10
2008-11-29,16
2008-11-30,19
2008-12-01,18
2008-12-02,29
2008-12-03,23
2008-12-04,15
2008-12-05,22
2008-12-06,13
2008-12-07,20
2008-12-08,23
2008-12-09,26
2008-12-10,15
2008-12-11,19
2008-12-12,29
2008-12-13,18
2008-12-14,16
2008-12-15,28
2008-12-16,37
2008-12-17,21
2008-12-18,27
2008-12-19,22
2008-12-20,22
2008-12-21,22
2008-12-22,20
2008-12-23,18
2008-12-24,8
2008-12-27,13
2008-12-28,68
2008-12-29,28
2008-12-30,27
2008-12-31,25
2009-01-01,22
2009-01-02,24
2009-01-03,25
2009-01-04,38
2009-01-05,38
2009-01-06,32
2009-01-07,24
2009-01-08,30
2009-01-09,27
2009-01-10,24
2009-01-11,22
2009-01-12,34
2009-01-13,27
2009-01-14,37
2009-01-15,41
2009-01-16,20
2009-01-17,28
2009-01-18,25
2009-01-19,27
2009-01-20,23
2009-01-21,28
2009-01-22,30
2009-01-23,17
2009-01-24,19
2009-01-25,38
2009-01-26,31
2009-01-27,52
2009-01-28,31
2009-01-29,34
2009-01-30,28
2009-01-31,26
2009-02-01,30
2009-02-02,46
2009-02-03,86
2009-02-04,61
2009-02-05,43
2009-02-06,35
2009-02-07,30
2009-02-08,22
2009-02-09,25
2009-02-10,32
2009-02-11,29
2009-02-12,29
2009-02-13,30
2009-02-14,22
2009-02-15,26
2009-02-16,36
2009-02-17,30
2009-02-18,37
2009-02-19,32
2009-02-20,30
2009-02-21,18
2009-02-22,34
2009-02-23,46
2009-02-24,40
2009-02-25,27
2009-02-26,35
2009-02-27,30
2009-02-28,17
2009-03-01,33
2009-03-02,22
2009-03-03,36
2009-03-04,21
2009-03-05,32
2009-03-06,20
2009-03-07,21
2009-03-08,27
2009-03-09,34
2009-03-10,39
2009-03-11,29
2009-03-12,24
2009-03-13,24
2009-03-14,35
2009-03-15,33
2009-03-16,30
2009-03-17,46
2009-03-18,38
2009-03-19,27
2009-03-20,22
2009-03-21,22
2009-03-22,20
2009-03-23,35
2009-03-24,45
2009-03-25,23
2009-03-26,32
2009-03-27,25
2009-03-28,29
2009-03-29,28
2009-03-30,35
2009-03-31,29
2009-04-01,24
2009-04-02,32
2009-04-03,24
2009-04-04,22
2009-04-05,23
2009-04-06,29
2009-04-07,27
2009-04-08,28
2009-04-09,24
2009-04-10,21
2009-04-11,27
2009-04-12,23
2009-04-13,26
2009-04-14,29
2009-04-15,28
2009-04-16,25
2009-04-17,17
2009-04-18,19
2009-04-19,28
2009-04-20,32
2009-04-21,26
2009-04-22,33
2009-04-23,45
2009-04-24,19
2009-04-25,19
2009-04-26,21
2009-04-27,20
2009-04-28,31
2009-04-29,21
2009-04-30,25
2009-05-01,24
2009-05-02,19
2009-05-03,37
2009-05-04,25
2009-05-05,30
2009-05-06,40
2009-05-07,34
2009-05-08,22
2009-05-09,21
2009-05-10,24
2009-05-11,28
2009-05-12,36
2009-05-13,34
2009-05-14,26
2009-05-15,26
2009-05-16,20
2009-05-17,26
2009-05-18,21
2009-05-19,16
2009-05-20,19
2009-05-21,21
2009-05-22,13
2009-05-23,15
2009-05-24,15
2009-05-25,24
2009-05-26,36
2009-05-27,5
2009-05-28,37
2009-05-29,47
2009-05-30,30
2009-05-31,37
2009-06-01,26
2009-06-02,42
2009-06-03,40
2009-06-04,24
2009-06-05,20
2009-06-06,25
2009-06-07,23
2009-06-08,31
2009-06-09,36
2009-06-10,27
2009-06-11,28
2009-06-12,24
2009-06-13,18
2009-06-14,29
2009-06-15,29
2009-06-16,31
2009-06-17,16
2009-06-18,18
2009-06-19,24
2009-06-20,14
2009-06-21,13
2009-06-22,30
2009-06-23,32
2009-06-24,41
2009-06-25,32
2009-06-26,34
2009-06-27,24
2009-06-28,17
2009-06-29,29
2009-06-30,39
2009-07-01,35
2009-07-02,34
2009-07-03,17
2009-07-04,19
2009-07-05,30
2009-07-06,34
2009-07-07,26
2009-07-08,36
2009-07-09,34
2009-07-10,31
2009-07-11,32
2009-07-12,28
2009-07-13,34
2009-07-14,39
2009-07-15,30
2009-07-16,33
2009-07-17,29
2009-07-18,44
2009-07-19,43
2009-07-20,37
2009-07-21,44
2009-07-22,55
2009-07-23,47
2009-07-24,33
2009-07-25,37
2009-07-26,28
2009-07-27,46
2009-07-28,11
2009-07-29,31
2009-07-30,45
2009-07-31,27
2009-08-01,22
2009-08-02,26
2009-08-03,35
2009-08-04,45
2009-08-05,44
2009-08-06,44
2009-08-07,27
2009-08-08,27
2009-08-09,34
2009-08-10,37
2009-08-11,34
2009-08-12,26
2009-08-13,27
2009-08-14,28
2009-08-15,35
2009-08-16,26
2009-08-17,22
2009-08-18,35
2009-08-19,37
2009-08-20,33
2009-08-21,36
2009-08-22,29
2009-08-23,28
2009-08-24,43
2009-08-25,42
2009-08-26,42
2009-08-27,49
2009-08-28,21
2009-08-29,31
2009-08-30,36
2009-08-31,38
2009-09-01,35
2009-09-02,37
2009-09-03,34
2009-09-04,25
2009-09-05,27
2009-09-06,23
2009-09-07,36
2009-09-08,46
2009-09-09,32
2009-09-10,37
2009-09-11,36
2009-09-12,20
2009-09-13,30
2009-09-14,40
2009-09-15,39
2009-09-16,36
2009-09-17,33
2009-09-18,23
2009-09-19,16
2009-09-20,35
2009-09-21,43
2009-09-22,55
2009-09-23,47
2009-09-24,48
2009-09-25,16
2009-09-26,39
2009-09-27,33
2009-09-28,35
2009-09-29,33
2009-09-30,39
2009-10-01,42
2009-10-02,29
2009-10-03,21
2009-10-04,28
2009-10-05,33
2009-10-06,27
2009-10-07,45
2009-10-08,37
2009-10-09,29
2009-10-10,29
2009-10-11,29
2009-10-12,52
2009-10-13,31
2009-10-14,34
2009-10-15,27
2009-10-16,34
2009-10-17,30
2009-10-18,31
2009-10-19,36
2009-10-20,35
2009-10-21,31
2009-10-22,44
2009-10-23,33
2009-10-24,30
2009-10-25,35
2009-10-26,33
2009-10-27,39
2009-10-28,39
2009-10-29,39
2009-10-30,31
2009-10-31,21
2009-11-01,24
2009-11-02,37
2009-11-03,41
2009-11-04,41
2009-11-05,35
2009-11-06,28
2009-11-07,22
2009-11-08,23
2009-11-09,24
2009-11-10,29
2009-11-11,30
2009-11-12,47
2009-11-13,32
2009-11-14,27
2009-11-15,33
2009-11-16,25
2009-11-17,32
2009-11-18,38
2009-11-19,36
2009-11-20,24
2009-11-21,34
2009-11-22,32
2009-11-23,28
2009-11-24,33
2009-11-25,25
2009-11-26,21
2009-11-27,23
2009-11-28,30
2009-11-29,36
2009-11-30,28
2009-12-01,35
2009-12-02,43
2009-12-03,33
2009-12-04,23
2009-12-05,28
2009-12-06,40
2009-12-07,30
2009-12-08,36
2009-12-09,30
2009-12-10,41
2009-12-11,29
2009-12-12,28
2009-12-13,28
2009-12-14,24
2009-12-15,29
2009-12-16,37
2009-12-17,35
2009-12-18,16
2009-12-19,30
2009-12-20,23
2009-12-21,30
2009-12-22,35
2009-12-23,21
2009-12-24,26
2009-12-25,17
2009-12-26,26
2009-12-27,27
2009-12-28,37
2009-12-29,27
2009-12-30,39
2009-12-31,36
2010-01-01,27
2010-01-02,36
2010-01-03,32
2010-01-04,45
2010-01-05,34
2010-01-06,31
2010-01-07,41
2010-01-08,36
2010-01-09,43
2010-01-10,43
2010-01-11,30
2010-01-12,47
2010-01-13,42
2010-01-14,50
2010-01-15,42
2010-01-16,35
2010-01-17,43
2010-01-18,36
2010-01-19,59
2010-01-20,36
2010-01-21,36
2010-01-22,38
2010-01-23,28
2010-01-24,39
2010-01-25,49
2010-01-26,53
2010-01-27,50
2010-01-28,49
2010-01-29,41
2010-01-30,41
2010-01-31,34
2010-02-01,49
2010-02-02,50
2010-02-03,40
2010-02-04,48
2010-02-05,41
2010-02-06,38
2010-02-07,32
2010-02-08,35
2010-02-09,41
2010-02-10,41
2010-02-11,39
2010-02-12,41
2010-02-13,32
2010-02-14,21
2010-02-15,43
2010-02-16,41
2010-02-17,42
2010-02-18,29
2010-02-19,35
2010-02-20,33
2010-02-21,43
2010-02-22,51
2010-02-23,29
2010-02-24,35
2010-02-25,41
2010-02-26,41
2010-02-27,28
2010-02-28,42
2010-03-01,70
2010-03-02,48
2010-03-03,41
2010-03-04,51
2010-03-05,23
2010-03-06,24
2010-03-07,31
2010-03-08,42
2010-03-09,39
2010-03-10,42
2010-03-11,43
2010-03-12,32
2010-03-13,25
2010-03-14,29
2010-03-15,34
2010-03-16,48
2010-03-17,39
2010-03-18,38
2010-03-19,30
2010-03-20,38
2010-03-21,39
2010-03-22,40
2010-03-23,37
2010-03-24,46
2010-03-25,35
2010-03-26,29
2010-03-27,31
2010-03-28,36
2010-03-29,27
2010-03-30,53
2010-03-31,31
2010-04-01,46
2010-04-02,35
2010-04-03,32
2010-04-04,22
2010-04-05,44
2010-04-06,34
2010-04-07,55
2010-04-08,29
2010-04-09,35
2010-04-10,24
2010-04-11,44
2010-04-12,36
2010-04-13,46
2010-04-14,51
2010-04-15,45
2010-04-16,32
2010-04-17,27
2010-04-18,36
2010-04-19,45
2010-04-20,35
2010-04-21,47
2010-04-22,32
2010-04-23,37
2010-04-24,22
2010-04-25,33
2010-04-26,40
2010-04-27,43
2010-04-28,32
2010-04-29,31
2010-04-30,25
2010-05-01,17
2010-05-02,37
2010-05-03,34
2010-05-04,43
2010-05-05,40
2010-05-06,42
2010-05-07,36
2010-05-08,22
2010-05-09,33
2010-05-10,40
2010-05-11,38
2010-05-12,37
2010-05-13,41
2010-05-14,31
2010-05-15,22
2010-05-16,27
2010-05-17,41
2010-05-18,44
2010-05-19,34
2010-05-20,37
2010-05-21,40
2010-05-22,28
2010-05-23,33
2010-05-24,43
2010-05-25,36
2010-05-26,30
2010-05-27,40
2010-05-28,38
2010-05-29,22
2010-05-30,25
2010-05-31,35
2010-06-01,37
2010-06-02,43
2010-06-03,31
2010-06-04,42
2010-06-05,19
2010-06-06,27
2010-06-07,71
2010-06-08,60
2010-06-09,47
2010-06-10,40
2010-06-11,23
2010-06-12,27
2010-06-13,37
2010-06-14,44
2010-06-15,42
2010-06-16,47
2010-06-17,39
2010-06-18,28
2010-06-19,24
2010-06-20,22
2010-06-21,27
2010-06-22,48
2010-06-23,35
2010-06-24,29
2010-06-25,28
2010-06-26,27
2010-06-27,33
2010-06-28,46
2010-06-29,35
2010-06-30,35
2010-07-01,32
2010-07-02,21
2010-07-03,13
2010-07-04,25
2010-07-05,39
2010-07-06,28
2010-07-07,28
2010-07-08,35
2010-07-09,37
2010-07-10,33
2010-07-11,34
2010-07-12,38
2010-07-13,46
2010-07-14,33
2010-07-15,32
2010-07-16,36
2010-07-17,19
2010-07-18,40
2010-07-19,37
2010-07-20,56
2010-07-21,38
2010-07-22,46
2010-07-23,38
2010-07-24,32
2010-07-25,24
2010-07-26,44
2010-07-27,46
2010-07-28,23
2010-07-29,28
2010-07-30,37
2010-07-31,20
2010-08-01,35
2010-08-02,35
2010-08-03,28
2010-08-04,38
2010-08-05,39
2010-08-06,37
2010-08-07,36
2010-08-08,39
2010-08-09,47
2010-08-10,45
2010-08-11,56
2010-08-12,42
2010-08-13,43
2010-08-14,24
2010-08-15,32
2010-08-16,39
2010-08-17,38
2010-08-18,48
2010-08-19,49
2010-08-20,36
2010-08-21,38
2010-08-22,44
2010-08-23,48
2010-08-24,38
2010-08-25,33
2010-08-26,30
2010-08-27,26
2010-08-28,29
2010-08-29,24
2010-08-30,35
2010-08-31,38
2010-09-01,46
2010-09-02,58
2010-09-03,36
2010-09-04,28
2010-09-05,25
2010-09-06,51
2010-09-07,36
2010-09-08,38
2010-09-09,35
2010-09-10,37
2010-09-11,29
2010-09-12,29
2010-09-13,34
2010-09-14,41
2010-09-15,39
2010-09-16,32
2010-09-17,46
2010-09-18,28
2010-09-19,32
2010-09-20,27
2010-09-21,39
2010-09-22,30
2010-09-23,43
2010-09-24,25
2010-09-25,30
2010-09-26,28
2010-09-27,24
2010-09-28,30
2010-09-29,43
2010-09-30,34
2010-10-01,28
2010-10-02,20
2010-10-03,26
2010-10-04,21
2010-10-05,43
2010-10-06,33
2010-10-07,36
2010-10-08,34
2010-10-09,17
2010-10-10,35
2010-10-11,24
2010-10-12,31
2010-10-13,35
2010-10-14,43
2010-10-15,25
2010-10-16,24
2010-10-17,34
2010-10-18,39
2010-10-19,46
2010-10-20,59
2010-10-21,52
2010-10-22,31
2010-10-23,21
2010-10-24,44
2010-10-25,31
2010-10-26,35
2010-10-27,46
2010-10-28,17
2010-10-29,18
2010-10-30,15
2010-10-31,11
2010-11-01,27
2010-11-02,32
2010-11-03,32
2010-11-04,31
2010-11-05,36
2010-11-06,28
2010-11-07,31
2010-11-08,42
2010-11-09,31
2010-11-10,24
2010-11-11,33
2010-11-12,30
2010-11-13,27
2010-11-14,37
2010-11-15,32
2010-11-16,45
2010-11-17,36
2010-11-18,33
2010-11-19,29
2010-11-20,28
2010-11-21,37
2010-11-22,30
2010-11-23,34
2010-11-24,26
2010-11-25,21
2010-11-26,19
2010-11-27,30
2010-11-28,28
2010-11-29,45
2010-11-30,34
2010-12-01,22
2010-12-02,44
2010-12-03,47
2010-12-04,35
2010-12-05,38
2010-12-06,38
2010-12-07,28
2010-12-08,30
2010-12-09,38
2010-12-10,24
2010-12-11,29
2010-12-12,32
2010-12-13,41
2010-12-14,26
2010-12-15,28
2010-12-16,25
2010-12-17,23
2010-12-18,27
2010-12-19,30
2010-12-20,28
2010-12-21,24
2010-12-22,31
2010-12-23,38
2010-12-24,18
2010-12-25,19
2010-12-26,26
2010-12-27,35
2010-12-28,36
2010-12-29,32
2010-12-30,37
2010-12-31,25
2011-01-01,13
2011-01-02,38
2011-01-03,33
2011-01-04,38
2011-01-05,36
2011-01-06,30
2011-01-07,22
2011-01-08,25
2011-01-09,28
2011-01-10,32
2011-01-11,40
2011-01-12,49
2011-01-13,43
2011-01-14,21
2011-01-15,33
2011-01-16,28
2011-01-17,31
2011-01-18,50
2011-01-19,41
2011-01-20,56
2011-01-21,32
2011-01-22,43
2011-01-23,34
2011-01-24,46
2011-01-25,36
2011-01-26,42
2011-01-27,53
2011-01-28,26
2011-01-29,37
2011-01-30,46
2011-01-31,37
2011-02-01,42
2011-02-02,38
2011-02-03,49
2011-02-04,39
2011-02-05,22
2011-02-06,32
2011-02-07,43
2011-02-08,50
2011-02-09,48
2011-02-10,36
2011-02-11,33
2011-02-12,27
2011-02-13,42
2011-02-14,41
2011-02-15,36
2011-02-16,33
2011-02-17,53
2011-02-18,43
2011-02-19,30
2011-02-20,54
2011-02-21,58
2011-02-22,64
2011-02-23,40
2011-02-24,45
2011-02-25,41
2011-02-26,27
2011-02-27,50
2011-02-28,58
2011-03-01,60
2011-03-02,45
2011-03-03,54
2011-03-04,47
2011-03-05,50
2011-03-06,52
2011-03-07,52
2011-03-08,50
2011-03-09,48
2011-03-10,55
2011-03-11,41
2011-03-12,50
2011-03-13,55
2011-03-14,41
2011-03-15,64
2011-03-16,63
2011-03-17,57
2011-03-18,56
2011-03-19,47
2011-03-20,56
2011-03-21,45
2011-03-22,44
2011-03-23,59
2011-03-24,78
2011-03-25,48
2011-03-26,41
2011-03-27,62
2011-03-28,45
2011-03-29,56
2011-03-30,70
2011-03-31,49
2011-04-01,33
2011-04-02,44
2011-04-03,50
2011-04-04,57
2011-04-05,61
2011-04-06,53
2011-04-07,57
2011-04-08,48
2011-04-09,34
2011-04-10,39
2011-04-11,71
2011-04-12,55
2011-04-13,50
2011-04-14,40
2011-04-15,47
2011-04-16,38
2011-04-17,41
2011-04-18,48
2011-04-19,60
2011-04-20,39
2011-04-21,37
2011-04-22,45
2011-04-23,34
2011-04-24,40
2011-04-25,67
2011-04-26,41
2011-04-27,51
2011-04-28,62
2011-04-29,51
2011-04-30,33
2011-05-01,44
2011-05-02,49
2011-05-03,37
2011-05-04,47
2011-05-05,60
2011-05-06,46
2011-05-07,55
2011-05-08,47
2011-05-09,49
2011-05-10,50
2011-05-11,58
2011-05-12,41
2011-05-13,38
2011-05-14,31
2011-05-15,41
2011-05-16,61
2011-05-17,53
2011-05-18,64
2011-05-19,45
2011-05-20,30
2011-05-21,28
2011-05-22,33
2011-05-23,62
2011-05-24,42
2011-05-25,36
2011-05-26,52
2011-05-27,38
2011-05-28,33
2011-05-29,42
2011-05-30,53
2011-05-31,52
2011-06-01,52
2011-06-02,40
2011-06-03,57
2011-06-04,40
2011-06-05,52
2011-06-06,53
2011-06-07,86
2011-06-08,72
2011-06-09,59
2011-06-10,41
2011-06-11,39
2011-06-12,52
2011-06-13,56
2011-06-14,55
2011-06-15,51
2011-06-16,44
2011-06-17,46
2011-06-18,35
2011-06-19,43
2011-06-20,55
2011-06-21,52
2011-06-22,40
2011-06-23,52
2011-06-24,52
2011-06-25,39
2011-06-26,40
2011-06-27,38
2011-06-28,59
2011-06-29,51
2011-06-30,54
2011-07-01,46
2011-07-02,42
2011-07-03,27
2011-07-04,41
2011-07-05,49
2011-07-06,47
2011-07-07,62
2011-07-08,50
2011-07-09,45
2011-07-10,30
2011-07-11,59
2011-07-12,23
2011-07-13,50
2011-07-14,60
2011-07-15,58
2011-07-16,50
2011-07-17,60
2011-07-18,57
2011-07-19,69
2011-07-20,49
2011-07-21,49
2011-07-22,52
2011-07-23,31
2011-07-24,42
2011-07-25,59
2011-07-26,71
2011-07-27,55
2011-07-28,60
2011-07-29,42
2011-07-30,44
2011-07-31,39
2011-08-01,48
2011-08-02,74
2011-08-03,59
2011-08-04,71
2011-08-05,47
2011-08-06,31
2011-08-07,59
2011-08-08,51
2011-08-09,54
2011-08-10,56
2011-08-11,44
2011-08-12,53
2011-08-13,27
2011-08-14,39
2011-08-15,62
2011-08-16,48
2011-08-17,71
2011-08-18,55
2011-08-19,61
2011-08-20,53
2011-08-21,51
2011-08-22,67
2011-08-23,62
2011-08-24,49
2011-08-25,50
2011-08-26,39
2011-08-27,37
2011-08-28,51
2011-08-29,77
2011-08-30,60
2011-08-31,73
2011-09-01,50
2011-09-02,46
2011-09-03,35
2011-09-04,34
2011-09-05,48
2011-09-06,52
2011-09-07,64
2011-09-08,58
2011-09-09,42
2011-09-10,54
2011-09-11,41
2011-09-12,51
2011-09-13,49
2011-09-14,56
2011-09-15,43
2011-09-16,40
2011-09-17,36
2011-09-18,41
2011-09-19,54
2011-09-20,56
2011-09-21,47
2011-09-22,62
2011-09-23,49
2011-09-24,28
2011-09-25,43
2011-09-26,48
2011-09-27,69
2011-09-28,64
2011-09-29,57
2011-09-30,55
2011-10-01,49
2011-10-02,48
2011-10-03,52
2011-10-04,52
2011-10-05,69
2011-10-06,57
2011-10-07,44
2011-10-08,41
2011-10-09,46
2011-10-10,54
2011-10-11,52
2011-10-12,52
2011-10-13,50
2011-10-14,57
2011-10-15,42
2011-10-16,51
2011-10-17,51
2011-10-18,60
2011-10-19,68
2011-10-20,52
2011-10-21,49
2011-10-22,33
2011-10-23,47
2011-10-24,55
2011-10-25,42
2011-10-26,58
2011-10-27,45
2011-10-28,53
2011-10-29,41
2011-10-30,43
2011-10-31,48
2011-11-01,56
2011-11-02,52
2011-11-03,57
2011-11-04,58
2011-11-05,32
2011-11-06,53
2011-11-07,51
2011-11-08,70
2011-11-09,57
2011-11-10,57
2011-11-11,50
2011-11-12,31
2011-11-13,57
2011-11-14,61
2011-11-15,58
2011-11-16,53
2011-11-17,62
2011-11-18,47
2011-11-19,34
2011-11-20,56
2011-11-21,80
2011-11-22,62
2011-11-23,68
2011-11-24,45
2011-11-25,42
2011-11-26,43
2011-11-27,57
2011-11-28,58
2011-11-29,69
2011-11-30,57
2011-12-01,75
2011-12-02,72
2011-12-03,54
2011-12-04,60
2011-12-05,65
2011-12-06,67
2011-12-07,59
2011-12-08,40
2011-12-09,56
2011-12-10,41
2011-12-11,58
2011-12-12,58
2011-12-13,59
2011-12-14,66
2011-12-15,57
2011-12-16,46
2011-12-17,42
2011-12-18,46
2011-12-19,54
2011-12-20,57
2011-12-21,62
2011-12-22,48
2011-12-23,49
2011-12-24,29
2011-12-25,35
2011-12-26,53
2011-12-27,58
2011-12-28,65
2011-12-29,73
2011-12-30,59
2011-12-31,36
2012-01-01,38
2012-01-02,78
2012-01-03,74
2012-01-04,68
2012-01-05,60
2012-01-06,67
2012-01-07,68
2012-01-08,50
2012-01-09,63
2012-01-10,86
2012-01-11,69
2012-01-12,76
2012-01-13,60
2012-01-14,68
2012-01-15,48
2012-01-16,74
2012-01-17,91
2012-01-18,75
2012-01-19,81
2012-01-20,62
2012-01-21,48
2012-01-22,68
2012-01-23,74
2012-01-24,80
2012-01-25,81
2012-01-26,74
2012-01-27,79
2012-01-28,52
2012-01-29,66
2012-01-30,69
2012-01-31,83
2012-02-01,81
2012-02-02,86
2012-02-03,62
2012-02-04,60
2012-02-05,59
2012-02-06,74
2012-02-07,78
2012-02-08,76
2012-02-09,76
2012-02-10,77
2012-02-11,68
2012-02-12,78
2012-02-13,77
2012-02-14,67
2012-02-15,72
2012-02-16,81
2012-02-17,65
2012-02-18,53
2012-02-19,52
2012-02-20,84
2012-02-21,85
2012-02-22,77
2012-02-23,82
2012-02-24,67
2012-02-25,88
2012-02-26,81
2012-02-27,79
2012-02-28,76
2012-02-29,73
2012-03-01,66
2012-03-02,72
2012-03-03,61
2012-03-04,58
2012-03-05,61
2012-03-06,72
2012-03-07,69
2012-03-08,80
2012-03-09,69
2012-03-10,61
2012-03-11,75
2012-03-12,75
2012-03-13,93
2012-03-14,67
2012-03-15,97
2012-03-16,79
2012-03-17,71
2012-03-18,62
2012-03-19,77
2012-03-20,80
2012-03-21,59
2012-03-22,86
2012-03-23,72
2012-03-24,39
2012-03-25,58
2012-03-26,88
2012-03-27,78
2012-03-28,85
2012-03-29,83
2012-03-30,61
2012-03-31,66
2012-04-01,71
2012-04-02,85
2012-04-03,75
2012-04-04,87
2012-04-05,76
2012-04-06,58
2012-04-07,65
2012-04-08,58
2012-04-09,75
2012-04-10,82
2012-04-11,99
2012-04-12,85
2012-04-13,84
2012-04-14,63
2012-04-15,52
2012-04-16,88
2012-04-17,72
2012-04-18,95
2012-04-19,81
2012-04-20,84
2012-04-21,61
2012-04-22,76
2012-04-23,75
2012-04-24,93
2012-04-25,90
2012-04-26,80
2012-04-27,95
2012-04-28,78
2012-04-29,63
2012-04-30,99
2012-05-01,122
2012-05-02,91
2012-05-03,85
2012-05-04,63
2012-05-05,71
2012-05-06,59
2012-05-07,82
2012-05-08,141
2012-05-09,96
2012-05-10,112
2012-05-11,89
2012-05-12,48
2012-05-13,68
2012-05-14,88
2012-05-15,71
2012-05-16,89
2012-05-17,75
2012-05-18,72
2012-05-19,48
2012-05-20,71
2012-05-21,88
2012-05-22,89
2012-05-23,101
2012-05-24,88
2012-05-25,103
2012-05-26,73
2012-05-27,61
2012-05-28,64
2012-05-29,78
2012-05-30,117
2012-05-31,95
2012-06-01,74
2012-06-02,74
2012-06-03,92
2012-06-04,91
2012-06-05,83
2012-06-06,95
2012-06-07,92
2012-06-08,94
2012-06-09,74
2012-06-10,80
2012-06-11,85
2012-06-12,105
2012-06-13,95
2012-06-14,97
2012-06-15,85
2012-06-16,56
2012-06-17,75
2012-06-18,101
2012-06-19,94
2012-06-20,90
2012-06-21,103
2012-06-22,84
2012-06-23,79
2012-06-24,75
2012-06-25,92
2012-06-26,88
2012-06-27,91
2012-06-28,93
2012-06-29,93
2012-06-30,57
2012-07-01,74
2012-07-02,74
2012-07-03,78
2012-07-04,77
2012-07-05,70
2012-07-06,76
2012-07-07,67
2012-07-08,81
2012-07-09,96
2012-07-10,87
2012-07-11,100
2012-07-12,86
2012-07-13,74
2012-07-14,64
2012-07-15,69
2012-07-16,96
2012-07-17,91
2012-07-18,70
2012-07-19,82
2012-07-20,68
2012-07-21,55
2012-07-22,59
2012-07-23,81
2012-07-24,91
2012-07-25,90
2012-07-26,80
2012-07-27,62
2012-07-28,54
2012-07-29,59
2012-07-30,91
2012-07-31,73
2012-08-01,71
2012-08-02,81
2012-08-03,83
2012-08-04,52
2012-08-05,75
2012-08-06,80
2012-08-07,91
2012-08-08,76
2012-08-09,84
2012-08-10,78
2012-08-11,65
2012-08-12,62
2012-08-13,77
2012-08-14,76
2012-08-15,81
2012-08-16,87
2012-08-17,70
2012-08-18,57
2012-08-19,57
2012-08-20,95
2012-08-21,77
2012-08-22,95
2012-08-23,96
2012-08-24,70
2012-08-25,72
2012-08-26,73
2012-08-27,88
2012-08-28,100
2012-08-29,79
2012-08-30,56
2012-08-31,65
2012-09-01,56
2012-09-02,70
2012-09-03,73
2012-09-04,89
2012-09-05,78
2012-09-06,75
2012-09-07,68
2012-09-08,64
2012-09-09,64
2012-09-10,59
2012-09-11,61
2012-09-12,86
2012-09-13,100
2012-09-14,69
2012-09-15,58
2012-09-16,70
2012-09-17,73
2012-09-18,75
2012-09-19,87
2012-09-20,51
2012-09-21,71
2012-09-22,50
2012-09-23,58
2012-09-24,67
2012-09-25,65
2012-09-26,52
2012-09-27,71
2012-09-28,50
2012-09-29,38
2012-09-30,57
2012-10-01,57
2012-10-02,56
2012-10-03,92
2012-10-04,70
2012-10-05,58
2012-10-06,44
2012-10-07,54
2012-10-08,65
2012-10-09,63
2012-10-10,65
2012-10-11,57
2012-10-12,51
2012-10-13,33
2012-10-14,62
2012-10-15,64
2012-10-16,67
2012-10-17,84
2012-10-18,96
2012-10-19,60
2012-10-20,44
2012-10-21,55
2012-10-22,71
2012-10-23,80
2012-10-24,74
2012-10-25,96
2012-10-26,63
2012-10-27,50
2012-10-28,58
2012-10-29,78
2012-10-30,80
2012-10-31,89
2012-11-01,90
2012-11-02,82
2012-11-03,68
2012-11-04,66
2012-11-05,96
2012-11-06,59
2012-11-07,73
2012-11-08,78
2012-11-09,55
2012-11-10,40
2012-11-11,40
2012-11-12,64
2012-11-13,52
2012-11-14,60
2012-11-15,73
2012-11-16,60
2012-11-17,63
2012-11-18,43
2012-11-19,49
2012-11-20,72
2012-11-21,46
2012-11-22,44
2012-11-23,52
2012-11-24,46
2012-11-25,60
2012-11-26,71
2012-11-27,72
2012-11-28,67
2012-11-29,59
2012-11-30,60
2012-12-01,50
2012-12-02,54
2012-12-03,72
2012-12-04,67
2012-12-05,81
2012-12-06,49
2012-12-07,60
2012-12-08,58
2012-12-09,55
2012-12-10,87
2012-12-11,60
2012-12-12,69
2012-12-13,58
2012-12-14,30
2012-12-15,47
2012-12-16,64
2012-12-17,73
2012-12-18,85
2012-12-19,68
2012-12-20,67
2012-12-21,50
2012-12-22,50
2012-12-23,47
2012-12-24,35
2012-12-25,26
2012-12-26,37
2012-12-27,45
2012-12-28,65
2012-12-29,36
2012-12-30,43
2012-12-31,51
2013-01-01,67
2013-01-02,51
2013-01-03,66
2013-01-04,62
2013-01-05,44
2013-01-06,67
2013-01-07,69
2013-01-08,62
2013-01-09,91
2013-01-10,90
2013-01-11,67
2013-01-12,84
2013-01-13,70
2013-01-14,106
2013-01-15,83
2013-01-16,80
2013-01-17,100
2013-01-18,77
2013-01-19,64
2013-01-20,65
2013-01-21,105
2013-01-22,97
2013-01-23,96
2013-01-24,80
2013-01-25,91
2013-01-26,65
2013-01-27,64
2013-01-28,114
2013-01-29,70
2013-01-30,81
2013-01-31,102
2013-02-01,78
2013-02-02,67
2013-02-03,51
2013-02-04,76
2013-02-05,74
2013-02-06,65
2013-02-07,76
2013-02-08,80
2013-02-09,55
2013-02-10,74
2013-02-11,60
2013-02-12,68
2013-02-13,99
2013-02-14,84
2013-02-15,56
2013-02-16,52
2013-02-17,85
2013-02-18,85
2013-02-19,92
2013-02-20,99
2013-02-21,66
2013-02-22,97
2013-02-23,61
2013-02-24,59
2013-02-25,70
2013-02-26,70
2013-02-27,81
2013-02-28,86
2013-03-01,60
2013-03-02,69
2013-03-03,60
2013-03-04,75
2013-03-05,74
2013-03-06,64
2013-03-07,87
2013-03-08,77
2013-03-09,36
2013-03-10,62
2013-03-11,79
2013-03-12,85
2013-03-13,80
2013-03-14,76
2013-03-15,81
2013-03-16,73
2013-03-17,44
2013-03-18,91
2013-03-19,99
2013-03-20,101
2013-03-21,94
2013-03-22,67
2013-03-23,62
2013-03-24,74
2013-03-25,88
2013-03-26,101
2013-03-27,102
2013-03-28,85
2013-03-29,66
2013-03-30,53
2013-03-31,56
2013-04-01,68
2013-04-02,86
2013-04-03,76
2013-04-04,90
2013-04-05,69
2013-04-06,65
2013-04-07,60
2013-04-08,52
2013-04-09,73
2013-04-10,63
2013-04-11,58
2013-04-12,57
2013-04-13,58
2013-04-14,53
2013-04-15,70
2013-04-16,91
2013-04-17,70
2013-04-18,96
2013-04-19,47
2013-04-20,53
2013-04-21,66
2013-04-22,69
2013-04-23,55
2013-04-24,75
2013-04-25,65
2013-04-26,85
2013-04-27,65
2013-04-28,53
2013-04-29,80
2013-04-30,84
2013-05-01,88
2013-05-02,75
2013-05-03,50
2013-05-04,56
2013-05-05,49
2013-05-06,63
2013-05-07,66
2013-05-08,96
2013-05-09,87
2013-05-10,92
2013-05-11,68
2013-05-12,51
2013-05-13,83
2013-05-14,129
2013-05-15,88
2013-05-16,85
2013-05-17,70
2013-05-18,63
2013-05-19,52
2013-05-20,48
2013-05-21,70
2013-05-22,69
2013-05-23,82
2013-05-24,62
2013-05-25,54
2013-05-26,41
2013-05-27,54
2013-05-28,79
2013-05-29,95
2013-05-30,78
2013-05-31,70
2013-06-01,52
2013-06-02,57
2013-06-03,64
2013-06-04,79
2013-06-05,103
2013-06-06,64
2013-06-07,66
2013-06-08,58
2013-06-09,47
2013-06-10,85
2013-06-11,86
2013-06-12,90
2013-06-13,74
2013-06-14,56
2013-06-15,45
2013-06-16,52
2013-06-17,82
2013-06-18,88
2013-06-19,50
2013-06-20,70
2013-06-21,59
2013-06-22,77
2013-06-23,63
2013-06-24,60
2013-06-25,85
2013-06-26,76
2013-06-27,126
2013-06-28,75
2013-06-29,62
2013-06-30,65
2013-07-01,67
2013-07-02,75
2013-07-03,88
2013-07-04,41
2013-07-05,56
2013-07-06,62
2013-07-07,73
2013-07-08,78
2013-07-09,72
2013-07-10,73
2013-07-11,82
2013-07-12,77
2013-07-13,54
2013-07-14,60
2013-07-15,74
2013-07-16,87
2013-07-17,75
2013-07-18,88
2013-07-19,79
2013-07-20,38
2013-07-21,60
2013-07-22,67
2013-07-23,58
2013-07-24,87
2013-07-25,79
2013-07-26,59
2013-07-27,58
2013-07-28,71
2013-07-29,74
2013-07-30,91
2013-07-31,56
2013-08-01,73
2013-08-02,61
2013-08-03,46
2013-08-04,73
2013-08-05,72
2013-08-06,80
2013-08-07,64
2013-08-08,72
2013-08-09,59
2013-08-10,42
2013-08-11,59
2013-08-12,66
2013-08-13,66
2013-08-14,77
2013-08-15,82
2013-08-16,62
2013-08-17,62
2013-08-18,53
2013-08-19,68
2013-08-20,96
2013-08-21,80
2013-08-22,66
2013-08-23,75
2013-08-24,63
2013-08-25,64
2013-08-26,84
2013-08-27,87
2013-08-28,88
2013-08-29,82
2013-08-30,57
2013-08-31,55
2013-09-01,43
2013-09-02,85
2013-09-03,97
2013-09-04,79
2013-09-05,78
2013-09-06,65
2013-09-07,49
2013-09-08,61
2013-09-09,99
2013-09-10,94
2013-09-11,79
2013-09-12,79
2013-09-13,73
2013-09-14,49
2013-09-15,50
2013-09-16,76
2013-09-17,76
2013-09-18,50
2013-09-19,70
2013-09-20,73
2013-09-21,62
2013-09-22,54
2013-09-23,79
2013-09-24,88
2013-09-25,80
2013-09-26,72
2013-09-27,54
2013-09-28,52
2013-09-29,45
2013-09-30,76
2013-10-01,77
2013-10-02,71
2013-10-03,88
2013-10-04,68
2013-10-05,56
2013-10-06,36
2013-10-07,83
2013-10-08,98
2013-10-09,86
2013-10-10,71
2013-10-11,56
2013-10-12,50
2013-10-13,50
2013-10-14,66
2013-10-15,74
2013-10-16,81
2013-10-17,87
2013-10-18,80
2013-10-19,45
2013-10-20,41
2013-10-21,76
2013-10-22,91
2013-10-23,110
2013-10-24,82
2013-10-25,55
2013-10-26,53
2013-10-27,57
2013-10-28,60
2013-10-29,77
2013-10-30,72
2013-10-31,86
2013-11-01,57
2013-11-02,39
2013-11-03,45
2013-11-04,75
2013-11-05,83
2013-11-06,106
2013-11-07,70
2013-11-08,66
2013-11-09,33
2013-11-10,52
2013-11-11,60
2013-11-12,73
2013-11-13,77
2013-11-14,74
2013-11-15,66
2013-11-16,55
2013-11-17,74
2013-11-18,78
2013-11-19,75
2013-11-20,72
2013-11-21,76
2013-11-22,61
2013-11-23,54
2013-11-24,59
2013-11-25,63
2013-11-26,65
2013-11-27,65
2013-11-28,41
2013-11-29,36
2013-11-30,50
2013-12-01,44
2013-12-02,77
2013-12-03,64
2013-12-04,72
2013-12-05,71
2013-12-06,60
2013-12-07,37
2013-12-08,58
2013-12-09,81
2013-12-10,76
2013-12-11,69
2013-12-12,69
2013-12-13,69
2013-12-14,60
2013-12-15,54
2013-12-16,48
2013-12-17,77
2013-12-18,95
2013-12-19,75
2013-12-20,63
2013-12-21,58
2013-12-22,67
2013-12-23,64
2013-12-24,43
2013-12-25,39
2013-12-26,56
2013-12-27,38
2013-12-28,59
2013-12-29,56
2013-12-30,71
2013-12-31,67
2014-01-01,57
2014-01-02,67
2014-01-03,50
2014-01-04,55
2014-01-05,60
2014-01-06,80
2014-01-07,59
2014-01-08,78
2014-01-09,82
2014-01-10,97
2014-01-11,58
2014-01-12,73
2014-01-13,73
2014-01-14,91
2014-01-15,72
2014-01-16,83
2014-01-17,80
2014-01-18,66
2014-01-19,73
2014-01-20,62
2014-01-21,88
2014-01-22,76
2014-01-23,74
2014-01-24,86
2014-01-25,49
2014-01-26,77
2014-01-27,93
2014-01-28,106
2014-01-29,78
2014-01-30,83
2014-01-31,85
2014-02-01,62
2014-02-02,65
2014-02-03,104
2014-02-04,92
2014-02-05,105
2014-02-06,102
2014-02-07,70
2014-02-08,52
2014-02-09,60
2014-02-10,113
2014-02-11,81
2014-02-12,121
2014-02-13,104
2014-02-14,70
2014-02-15,66
2014-02-16,76
2014-02-17,83
2014-02-18,101
2014-02-19,137
2014-02-20,127
2014-02-21,84
2014-02-22,79
2014-02-23,76
2014-02-24,103
2014-02-25,167
2014-02-26,118
2014-02-27,125
2014-02-28,95
2014-03-01,81
2014-03-02,81
2014-03-03,85
2014-03-04,125
2014-03-05,161
2014-03-06,127
2014-03-07,122
2014-03-08,105
2014-03-09,98
2014-03-10,110
2014-03-11,124
2014-03-12,141
2014-03-13,124
2014-03-14,112
2014-03-15,85
2014-03-16,75
2014-03-17,131
2014-03-18,142
2014-03-19,158
2014-03-20,118
2014-03-21,102
2014-03-22,94
2014-03-23,85
2014-03-24,103
2014-03-25,113
2014-03-26,115
2014-03-27,103
2014-03-28,85
2014-03-29,77
2014-03-30,81
2014-03-31,112
2014-04-01,107
2014-04-02,130
2014-04-03,100
2014-04-04,79
2014-04-05,77
2014-04-06,55
2014-04-07,86
2014-04-08,92
2014-04-09,106
2014-04-10,92
2014-04-11,113
2014-04-12,61
2014-04-13,77
2014-04-14,84
2014-04-15,95
2014-04-16,82
2014-04-17,100
2014-04-18,108
2014-04-19,53
2014-04-20,71
2014-04-21,98
2014-04-22,81
2014-04-23,117
2014-04-24,100
2014-04-25,98
2014-04-26,69
2014-04-27,66
2014-04-28,130
2014-04-29,109
2014-04-30,101
2014-05-01,101
2014-05-02,109
2014-05-03,67
2014-05-04,73
2014-05-05,98
2014-05-06,104
2014-05-07,88
2014-05-08,91
2014-05-09,87
2014-05-10,53
2014-05-11,73
2014-05-12,88
2014-05-13,95
2014-05-14,85
2014-05-15,118
2014-05-16,79
2014-05-17,56
2014-05-18,66
2014-05-19,88
2014-05-20,113
2014-05-21,93
2014-05-22,95
2014-05-23,93
2014-05-24,48
2014-05-25,52
2014-05-26,80
2014-05-27,84
2014-05-28,75
2014-05-29,84
2014-05-30,89
2014-05-31,38
2014-06-01,56
2014-06-02,71
2014-06-03,82
2014-06-04,97
2014-06-05,86
2014-06-06,221
2014-06-07,63
2014-06-08,76
2014-06-09,100
2014-06-10,111
2014-06-11,109
2014-06-12,72
2014-06-13,97
2014-06-14,53
2014-06-15,62
2014-06-16,101
2014-06-17,108
2014-06-18,94
2014-06-19,116
2014-06-20,120
2014-06-21,63
2014-06-22,57
2014-06-23,91
2014-06-24,102
2014-06-25,106
2014-06-26,90
2014-06-27,90
2014-06-28,52
2014-06-29,46
2014-06-30,109
2014-07-01,104
2014-07-02,178
2014-07-03,99
2014-07-04,67
2014-07-05,48
2014-07-06,80
2014-07-07,114
2014-07-08,92
2014-07-09,127
2014-07-10,101
2014-07-11,126
2014-07-12,85
2014-07-13,79
2014-07-14,128
2014-07-15,104
2014-07-16,106
2014-07-17,91
2014-07-18,109
2014-07-19,81
2014-07-20,93
2014-07-21,110
2014-07-22,121
2014-07-23,111
2014-07-24,100
2014-07-25,111
2014-07-26,64
2014-07-27,60
2014-07-28,98
2014-07-29,123
2014-07-30,115
2014-07-31,93
2014-08-01,124
2014-08-02,80
2014-08-03,80
2014-08-04,119
2014-08-05,129
2014-08-06,117
2014-08-07,130
2014-08-08,168
2014-08-09,79
2014-08-10,78
2014-08-11,102
2014-08-12,144
2014-08-13,118
2014-08-14,125
2014-08-15,108
2014-08-16,70
2014-08-17,90
2014-08-18,114
2014-08-19,132
2014-08-20,143
2014-08-21,122
2014-08-22,151
2014-08-23,99
2014-08-24,87
2014-08-25,116
2014-08-26,127
2014-08-27,108
2014-08-28,139
2014-08-29,109
2014-08-30,71
2014-08-31,69
2014-09-01,84
2014-09-02,96
2014-09-03,133
2014-09-04,91
2014-09-05,103
2014-09-06,68
2014-09-07,68
2014-09-08,93
2014-09-09,118
2014-09-10,122
2014-09-11,141
2014-09-12,141
2014-09-13,93
2014-09-14,84
2014-09-15,188
2014-09-16,122
2014-09-17,118
2014-09-18,151
2014-09-19,102
2014-09-20,65
2014-09-21,80
2014-09-22,107
2014-09-23,120
2014-09-24,144
2014-09-25,107
2014-09-26,140
2014-09-27,75
2014-09-28,69
2014-09-29,86
2014-09-30,92
2014-10-01,112
2014-10-02,134
2014-10-03,141
2014-10-04,77
2014-10-05,86
2014-10-06,128
2014-10-07,123
2014-10-08,122
2014-10-09,126
2014-10-10,156
2014-10-11,86
2014-10-12,77
2014-10-13,140
2014-10-14,132
2014-10-15,120
2014-10-16,211
2014-10-17,132
2014-10-18,74
2014-10-19,90
2014-10-20,146
2014-10-21,119
2014-10-22,127
2014-10-23,118
2014-10-24,136
2014-10-25,72
2014-10-26,61
2014-10-27,131
2014-10-28,149
2014-10-29,137
2014-10-30,104
2014-10-31,107
2014-11-01,80
2014-11-02,72
2014-11-03,122
2014-11-04,130
2014-11-05,156
2014-11-06,145
2014-11-07,132
2014-11-08,70
2014-11-09,100
2014-11-10,115
2014-11-11,101
2014-11-12,108
2014-11-13,100
2014-11-14,169
2014-11-15,62
2014-11-16,90
2014-11-17,134
2014-11-18,129
2014-11-19,141
2014-11-20,106
2014-11-21,165
2014-11-22,94
2014-11-23,99
2014-11-24,132
2014-11-25,121
2014-11-26,103
2014-11-27,63
2014-11-28,92
2014-11-29,72
2014-11-30,101
2014-12-01,169
2014-12-02,147
2014-12-03,142
2014-12-04,122
2014-12-05,190
2014-12-06,109
2014-12-07,97
2014-12-08,128
2014-12-09,130
2014-12-10,107
2014-12-11,128
2014-12-12,154
2014-12-13,83
2014-12-14,85
2014-12-15,158
2014-12-16,103
2014-12-17,136
2014-12-18,84
2014-12-19,129
2014-12-20,72
2014-12-21,69
2014-12-22,165
2014-12-23,146
2014-12-24,75
2014-12-25,28
2014-12-26,117
2014-12-27,98
2014-12-28,92
2014-12-29,100
2014-12-30,91
2014-12-31,87
2015-01-01,74
2015-01-02,112
2015-01-03,88
2015-01-04,87
2015-01-05,109
2015-01-06,128
2015-01-07,134
2015-01-08,119
2015-01-09,156
2015-01-10,88
2015-01-11,101
2015-01-12,115
2015-01-13,116
2015-01-14,157
2015-01-15,150
2015-01-16,191
2015-01-17,102
2015-01-18,77
2015-01-19,147
2015-01-20,118
2015-01-21,133
2015-01-22,174
2015-01-23,178
2015-01-24,130
2015-01-25,107
2015-01-26,162
2015-01-27,201
2015-01-28,171
2015-01-29,155
2015-01-30,236
2015-01-31,101
2015-02-01,83
2015-02-02,139
2015-02-03,135
2015-02-04,176
2015-02-05,176
2015-02-06,193
2015-02-07,140
2015-02-08,111
2015-02-09,141
2015-02-10,178
2015-02-11,265
2015-02-12,200
2015-02-13,219
2015-02-14,113
2015-02-15,140
2015-02-16,148
2015-02-17,163
2015-02-18,184
2015-02-19,155
2015-02-20,203
2015-02-21,128
2015-02-22,124
2015-02-23,131
2015-02-24,170
2015-02-25,175
2015-02-26,137
2015-02-27,180
2015-02-28,109
2015-03-01,120
2015-03-02,142
2015-03-03,229
2015-03-04,220
2015-03-05,194
2015-03-06,266
2015-03-07,122
2015-03-08,121
2015-03-09,143
2015-03-10,161
2015-03-11,102
2015-03-12,165
2015-03-13,176
2015-03-14,123
2015-03-15,120
2015-03-16,150
2015-03-17,157
2015-03-18,176
2015-03-19,179
2015-03-20,232
2015-03-21,118
2015-03-22,114
2015-03-23,163
2015-03-24,213
2015-03-25,155
2015-03-26,187
2015-03-27,216
2015-03-28,111
2015-03-29,132
2015-03-30,167
2015-03-31,163
2015-04-01,158
2015-04-02,185
2015-04-03,211
2015-04-04,118
2015-04-05,131
2015-04-06,152
2015-04-07,187
2015-04-08,162
2015-04-09,206
2015-04-10,215
2015-04-11,120
2015-04-12,96
2015-04-13,139
2015-04-14,257
2015-04-15,189
2015-04-16,189
2015-04-17,240
2015-04-18,116
2015-04-19,187
2015-04-20,175
2015-04-21,226
2015-04-22,117
2015-04-23,218
2015-04-24,211
2015-04-25,136
2015-04-26,128
2015-04-27,162
2015-04-28,190
2015-04-29,203
2015-04-30,185
2015-05-01,195
2015-05-02,101
2015-05-03,172
2015-05-04,181
2015-05-05,175
2015-05-06,195
2015-05-07,146
2015-05-08,230
2015-05-09,98
2015-05-10,84
2015-05-11,194
2015-05-12,197
2015-05-13,166
2015-05-14,162
2015-05-15,218
2015-05-16,126
2015-05-17,125
2015-05-18,159
2015-05-19,172
2015-05-20,156
2015-05-21,274
2015-05-22,263
2015-05-23,119
2015-05-24,100
2015-05-25,171
2015-05-26,199
2015-05-27,199
2015-05-28,211
2015-05-29,193
2015-05-30,132
2015-05-31,123
2015-06-01,160
2015-06-02,176
2015-06-03,182
2015-06-04,170
2015-06-05,244
2015-06-06,107
2015-06-07,115
2015-06-08,192
2015-06-09,150
2015-06-10,191
2015-06-11,138
2015-06-12,177
2015-06-13,124
2015-06-14,101
2015-06-15,146
2015-06-16,133
2015-06-17,173
2015-06-18,138
2015-06-19,191
2015-06-20,118
2015-06-21,112
2015-06-22,142
2015-06-23,156
2015-06-24,166
2015-06-25,193
2015-06-26,176
2015-06-27,106
2015-06-28,113
2015-06-29,199
2015-06-30,139
2015-07-01,159
2015-07-02,177
2015-07-03,165
2015-07-04,85
2015-07-05,95
2015-07-06,140
2015-07-07,213
2015-07-08,204
2015-07-09,207
2015-07-10,214
2015-07-11,109
2015-07-12,112
2015-07-13,154
2015-07-14,194
2015-07-15,180
2015-07-16,168
2015-07-17,180
2015-07-18,132
2015-07-19,126
2015-07-20,197
2015-07-21,148
2015-07-22,175
2015-07-23,203
2015-07-24,191
2015-07-25,99
2015-07-26,136
2015-07-27,182
2015-07-28,279
2015-07-29,203
2015-07-30,229
2015-07-31,204
2015-08-01,152
2015-08-02,132
2015-08-03,191
2015-08-04,206
2015-08-05,169
2015-08-06,198
2015-08-07,251
2015-08-08,142
2015-08-09,194
2015-08-10,211
2015-08-11,211
2015-08-12,217
2015-08-13,212
2015-08-14,209
2015-08-15,113
2015-08-16,147
2015-08-17,166
2015-08-18,198
2015-08-19,228
2015-08-20,182
2015-08-21,283
2015-08-22,163
2015-08-23,147
2015-08-24,187
2015-08-25,260
2015-08-26,209
2015-08-27,193
2015-08-28,229
2015-08-29,130
2015-08-30,178
2015-08-31,173
2015-09-01,301
2015-09-02,307
2015-09-03,214
2015-09-04,232
2015-09-05,151
2015-09-06,119
2015-09-07,172
2015-09-08,176
2015-09-09,184
2015-09-10,213
2015-09-11,318
2015-09-12,150
2015-09-13,116
2015-09-14,176
2015-09-15,184
2015-09-16,190
2015-09-17,170
2015-09-18,206
2015-09-19,147
2015-09-20,111
2015-09-21,198
2015-09-22,236
2015-09-23,239
2015-09-24,247
2015-09-25,255
2015-09-26,149
2015-09-27,135
2015-09-28,180
2015-09-29,218
2015-09-30,214
2015-10-01,181
2015-10-02,206
2015-10-03,158
2015-10-04,144
2015-10-05,197
2015-10-06,265
2015-10-07,196
2015-10-08,235
2015-10-09,227
2015-10-10,133
2015-10-11,135
2015-10-12,206
2015-10-13,207
2015-10-14,202
2015-10-15,238
2015-10-16,272
2015-10-17,153
2015-10-18,158
2015-10-19,252
2015-10-20,303
2015-10-21,204
2015-10-22,236
2015-10-23,194
2015-10-24,165
2015-10-25,167
2015-10-26,220
2015-10-27,229
2015-10-28,208
2015-10-29,227
2015-10-30,233
2015-10-31,115
2015-11-01,168
2015-11-02,213
2015-11-03,291
2015-11-04,225
2015-11-05,244
2015-11-06,182
2015-11-07,137
2015-11-08,136
2015-11-09,182
2015-11-10,188
2015-11-11,175
2015-11-12,209
2015-11-13,236
2015-11-14,146
2015-11-15,111
2015-11-16,167
2015-11-17,187
2015-11-18,211
2015-11-19,200
2015-11-20,247
2015-11-21,169
2015-11-22,134
2015-11-23,162
2015-11-24,194
2015-11-25,119
2015-11-26,92
2015-11-27,129
2015-11-28,106
2015-11-29,122
2015-11-30,167
2015-12-01,202
2015-12-02,224
2015-12-03,197
2015-12-04,189
2015-12-05,110
2015-12-06,126
2015-12-07,169
2015-12-08,177
2015-12-09,182
2015-12-10,168
2015-12-11,221
2015-12-12,131
2015-12-13,117
2015-12-14,156
2015-12-15,192
2015-12-16,190
2015-12-17,190
2015-12-18,238
2015-12-19,87
2015-12-20,89
2015-12-21,155
2015-12-22,141
2015-12-23,141
2015-12-24,103
2015-12-25,85
2015-12-26,78
2015-12-27,98
2015-12-28,129
2015-12-29,194
2015-12-30,181
2015-12-31,142
2016-01-01,167
2016-01-02,130
2016-01-03,121
2016-01-04,176
2016-01-05,242
2016-01-06,202
2016-01-07,242
2016-01-08,275
2016-01-09,164
2016-01-10,156
2016-01-11,218
2016-01-12,306
2016-01-13,211
2016-01-14,192
2016-01-15,229
2016-01-16,197
2016-01-17,231
2016-01-18,214
2016-01-19,232
2016-01-20,233
2016-01-21,274
2016-01-22,263
2016-01-23,174
2016-01-24,155
2016-01-25,208
2016-01-26,268
2016-01-27,288
2016-01-28,313
2016-01-29,338
2016-01-30,222
2016-01-31,230
2016-02-01,270
2016-02-02,301
2016-02-03,311
2016-02-04,313
2016-02-05,440
2016-02-06,198
2016-02-07,178
2016-02-08,249
2016-02-09,285
2016-02-10,277
2016-02-11,298
2016-02-12,322
2016-02-13,243
2016-02-14,171
2016-02-15,288
2016-02-16,292
2016-02-17,298
2016-02-18,310
2016-02-19,328
2016-02-20,194
2016-02-21,201
2016-02-22,257
2016-02-23,299
2016-02-24,281
2016-02-25,280
2016-02-26,327
2016-02-27,256
2016-02-28,194
2016-02-29,253
2016-03-01,313
2016-03-02,299
2016-03-03,297
2016-03-04,340
2016-03-05,216
2016-03-06,167
2016-03-07,272
2016-03-08,301
2016-03-09,368
2016-03-10,324
2016-03-11,283
2016-03-12,197
2016-03-13,184
2016-03-14,231
2016-03-15,294
2016-03-16,342
2016-03-17,268
2016-03-18,299
2016-03-19,196
2016-03-20,157
2016-03-21,218
2016-03-22,263
2016-03-23,285
2016-03-24,280
2016-03-25,233
2016-03-26,174
2016-03-27,149
2016-03-28,280
2016-03-29,271
2016-03-30,294
2016-03-31,267
2016-04-01,276
2016-04-02,168
2016-04-03,206
2016-04-04,230
2016-04-05,302
2016-04-06,341
2016-04-07,278
2016-04-08,266
2016-04-09,165
2016-04-10,176
2016-04-11,245
2016-04-12,302
2016-04-13,257
2016-04-14,263
2016-04-15,256
2016-04-16,168
2016-04-17,189
2016-04-18,215
2016-04-19,218
2016-04-20,292
2016-04-21,305
2016-04-22,244
2016-04-23,157
2016-04-24,152
2016-04-25,282
2016-04-26,284
2016-04-27,244
2016-04-28,250
2016-04-29,285
2016-04-30,165
2016-05-01,191
2016-05-02,295
2016-05-03,290
2016-05-04,255
2016-05-05,211
2016-05-06,280
2016-05-07,142
2016-05-08,138
2016-05-09,235
2016-05-10,281
2016-05-11,288
2016-05-12,293
2016-05-13,300
2016-05-14,153
2016-05-15,143
2016-05-16,206
2016-05-17,250
2016-05-18,259
2016-05-19,246
2016-05-20,266
2016-05-21,134
2016-05-22,148
2016-05-23,237
2016-05-24,264
2016-05-25,266
2016-05-26,244
2016-05-27,260
2016-05-28,130
2016-05-29,134
2016-05-30,168
2016-05-31,218
2016-06-01,270
2016-06-02,253
2016-06-03,298
2016-06-04,159
2016-06-05,173
2016-06-06,306
2016-06-07,253
2016-06-08,262
2016-06-09,279
2016-06-10,324
2016-06-11,173
2016-06-12,156
2016-06-13,219
2016-06-14,249
2016-06-15,215
2016-06-16,264
2016-06-17,243
2016-06-18,127
2016-06-19,124
2016-06-20,193
2016-06-21,204
2016-06-22,248
2016-06-23,247
2016-06-24,267
2016-06-25,132
2016-06-26,137
2016-06-27,193
2016-06-28,289
2016-06-29,337
2016-06-30,273
2016-07-01,247
2016-07-02,146
2016-07-03,124
2016-07-04,136
2016-07-05,222
2016-07-06,251
2016-07-07,217
2016-07-08,225
2016-07-09,160
2016-07-10,176
2016-07-11,193
2016-07-12,254
2016-07-13,205
2016-07-14,202
2016-07-15,238
2016-07-16,189
2016-07-17,196
2016-07-18,287
2016-07-19,231
2016-07-20,290
2016-07-21,242
2016-07-22,188
2016-07-23,152
2016-07-24,151
2016-07-25,168
2016-07-26,271
2016-07-27,207
2016-07-28,219
2016-07-29,198
2016-07-30,150
2016-07-31,164
2016-08-01,239
2016-08-02,302
2016-08-03,279
2016-08-04,288
2016-08-05,233
2016-08-06,150
2016-08-07,147
2016-08-08,217
2016-08-09,289
2016-08-10,289
2016-08-11,299
2016-08-12,280
2016-08-13,189
2016-08-14,147
2016-08-15,254
2016-08-16,290
2016-08-17,297
2016-08-18,309
2016-08-19,224
2016-08-20,174
2016-08-21,163
2016-08-22,233
2016-08-23,225
2016-08-24,316
2016-08-25,271
2016-08-26,241
2016-08-27,194
2016-08-28,231
2016-08-29,265
2016-08-30,249
2016-08-31,277
2016-09-01,264
2016-09-02,290
2016-09-03,172
2016-09-04,154
2016-09-05,235
2016-09-06,302
2016-09-07,286
2016-09-08,299
2016-09-09,295
2016-09-10,156
2016-09-11,142
2016-09-12,253
2016-09-13,324
2016-09-14,346
2016-09-15,283
2016-09-16,219
2016-09-17,176
2016-09-18,142
2016-09-19,202
2016-09-20,264
2016-09-21,347
2016-09-22,275
2016-09-23,225
2016-09-24,153
2016-09-25,162
2016-09-26,211
2016-09-27,317
2016-09-28,293
2016-09-29,283
2016-09-30,304
2016-10-01,154
2016-10-02,189
2016-10-03,238
2016-10-04,258
2016-10-05,315
2016-10-06,288
2016-10-07,392
2016-10-08,211
2016-10-09,150
2016-10-10,253
2016-10-11,259
2016-10-12,283
2016-10-13,284
2016-10-14,309
2016-10-15,161
2016-10-16,174
2016-10-17,250
2016-10-18,474
2016-10-19,300
2016-10-20,257
2016-10-21,282
2016-10-22,151
2016-10-23,167
2016-10-24,268
2016-10-25,282
2016-10-26,301
2016-10-27,304
2016-10-28,250
2016-10-29,168
2016-10-30,157
2016-10-31,268
2016-11-01,295
2016-11-02,303
2016-11-03,272
2016-11-04,246
2016-11-05,180
2016-11-06,158
2016-11-07,255
2016-11-08,215
2016-11-09,173
2016-11-10,249
2016-11-11,240
2016-11-12,157
2016-11-13,140
2016-11-14,213
2016-11-15,292
2016-11-16,292
2016-11-17,264
2016-11-18,248
2016-11-19,181
2016-11-20,155
2016-11-21,193
2016-11-22,285
2016-11-23,207
2016-11-24,163
2016-11-25,121
2016-11-26,150
2016-11-27,154
2016-11-28,234
2016-11-29,320
2016-11-30,312
2016-12-01,311
2016-12-02,239
2016-12-03,190
2016-12-04,199
2016-12-05,222
2016-12-06,272
2016-12-07,279
2016-12-08,313
2016-12-09,230
2016-12-10,177
2016-12-11,194
2016-12-12,240
2016-12-13,280
2016-12-14,289
2016-12-15,253
2016-12-16,224
2016-12-17,159
2016-12-18,177
2016-12-19,211
2016-12-20,229
2016-12-21,267
2016-12-22,253
2016-12-23,224
2016-12-24,117
2016-12-25,115
2016-12-26,135
2016-12-27,217
2016-12-28,239
2016-12-29,267
2016-12-30,274
2016-12-31,158
2017-01-01,135
2017-01-02,250
2017-01-03,285
2017-01-04,326
2017-01-05,336
2017-01-06,262
2017-01-07,226
2017-01-08,207
2017-01-09,275
2017-01-10,333
2017-01-11,330
2017-01-12,307
2017-01-13,336
2017-01-14,266
2017-01-15,228
2017-01-16,287
2017-01-17,406
2017-01-18,429
2017-01-19,451
2017-01-20,424
2017-01-21,190
2017-01-22,235
2017-01-23,342
2017-01-24,390
2017-01-25,382
2017-01-26,354
2017-01-27,352
2017-01-28,248
2017-01-29,262
2017-01-30,340
2017-01-31,504
2017-02-01,364
2017-02-02,491
2017-02-03,426
2017-02-04,206
2017-02-05,228
2017-02-06,389
2017-02-07,443
2017-02-08,491
2017-02-09,407
2017-02-10,412
2017-02-11,291
2017-02-12,299
2017-02-13,374
2017-02-14,348
2017-02-15,429
2017-02-16,399
2017-02-17,339
2017-02-18,244
2017-02-19,259
2017-02-20,362
2017-02-21,413
2017-02-22,413
2017-02-23,354
2017-02-24,387
2017-02-25,272
2017-02-26,247
2017-02-27,365
2017-02-28,372
2017-03-01,374
2017-03-02,376
2017-03-03,296
2017-03-04,264
2017-03-05,270
2017-03-06,359
2017-03-07,410
2017-03-08,390
2017-03-09,406
2017-03-10,347
2017-03-11,234
2017-03-12,236
2017-03-13,334
2017-03-14,384
2017-03-15,378
2017-03-16,327
2017-03-17,290
2017-03-18,249
2017-03-19,268
2017-03-20,348
2017-03-21,383
2017-03-22,342
2017-03-23,346
2017-03-24,397
2017-03-25,284
2017-03-26,293
2017-03-27,413
2017-03-28,505
2017-03-29,426
2017-03-30,433
2017-03-31,392
2017-04-01,258
2017-04-02,257
2017-04-03,417
2017-04-04,460
2017-04-05,477
2017-04-06,408
2017-04-07,392
2017-04-08,301
2017-04-09,273
2017-04-10,364
2017-04-11,421
2017-04-12,429
2017-04-13,344
2017-04-14,351
2017-04-15,254
2017-04-16,226
2017-04-17,406
2017-04-18,392
2017-04-19,411
2017-04-20,393
2017-04-21,362
2017-04-22,227
2017-04-23,271
2017-04-24,409
2017-04-25,439
2017-04-26,535
2017-04-27,472
2017-04-28,387
2017-04-29,233
2017-04-30,215
2017-05-01,342
2017-05-02,387
2017-05-03,440
2017-05-04,391
2017-05-05,396
2017-05-06,282
2017-05-07,201
2017-05-08,377
2017-05-09,407
2017-05-10,420
2017-05-11,372
2017-05-12,418
2017-05-13,245
2017-05-14,211
2017-05-15,321
2017-05-16,338
2017-05-17,464
2017-05-18,416
2017-05-19,358
2017-05-20,232
2017-05-21,256
2017-05-22,357
2017-05-23,363
2017-05-24,390
2017-05-25,349
2017-05-26,265
2017-05-27,195
2017-05-28,226
2017-05-29,253
2017-05-30,400
2017-05-31,413
2017-06-01,407
2017-06-02,339
2017-06-03,240
2017-06-04,237
2017-06-05,337
2017-06-06,414
2017-06-07,415
2017-06-08,383
2017-06-09,434
2017-06-10,265
2017-06-11,263
2017-06-12,356
2017-06-13,366
2017-06-14,419
2017-06-15,398
2017-06-16,384
2017-06-17,235
2017-06-18,236
2017-06-19,483
2017-06-20,443
2017-06-21,391
2017-06-22,376
2017-06-23,462
2017-06-24,270
2017-06-25,272
2017-06-26,459
2017-06-27,430
2017-06-28,424
2017-06-29,443
2017-06-30,369
2017-07-01,294
2017-07-02,275
2017-07-03,290
2017-07-04,267
2017-07-05,414
2017-07-06,476
2017-07-07,435
2017-07-08,281
2017-07-09,284
2017-07-10,404
2017-07-11,521
2017-07-12,529
2017-07-13,479
2017-07-14,427
2017-07-15,248
2017-07-16,247
2017-07-17,396
2017-07-18,611
2017-07-19,947
2017-07-20,600
2017-07-21,475
2017-07-22,283
2017-07-23,305
2017-07-24,358
2017-07-25,489
2017-07-26,444
2017-07-27,452
2017-07-28,443
2017-07-29,285
2017-07-30,275
2017-07-31,427
2017-08-01,441
2017-08-02,489
2017-08-03,462
2017-08-04,359
2017-08-05,270
2017-08-06,262
2017-08-07,435
2017-08-08,474
2017-08-09,501
2017-08-10,484
2017-08-11,437
2017-08-12,315
2017-08-13,268
2017-08-14,469
2017-08-15,472
2017-08-16,428
2017-08-17,496
2017-08-18,457
2017-08-19,267
2017-08-20,245
2017-08-21,325
2017-08-22,495
2017-08-23,528
2017-08-24,487
2017-08-25,439
2017-08-26,276
2017-08-27,221
2017-08-28,387
2017-08-29,819
2017-08-30,487
2017-08-31,488
2017-09-01,366
2017-09-02,275
2017-09-03,260
2017-09-04,335
2017-09-05,505
2017-09-06,436
2017-09-07,445
2017-09-08,388
2017-09-09,304
2017-09-10,266
2017-09-11,390
2017-09-12,394
2017-09-13,516
2017-09-14,433
2017-09-15,415
2017-09-16,316
2017-09-17,294
2017-09-18,366
2017-09-19,528
2017-09-20,543
2017-09-21,551
2017-09-22,513
2017-09-23,305
2017-09-24,325
2017-09-25,512
2017-09-26,538
2017-09-27,841
2017-09-28,663
2017-09-29,548
2017-09-30,371
2017-10-01,346
2017-10-02,451
2017-10-03,598
2017-10-04,649
2017-10-05,668
2017-10-06,554
2017-10-07,372
2017-10-08,390
2017-10-09,571
2017-10-10,753
2017-10-11,748
2017-10-12,682
2017-10-13,544
2017-10-14,382
2017-10-15,395
2017-10-16,610
2017-10-17,621
2017-10-18,701
2017-10-19,590
2017-10-20,540
2017-10-21,360
2017-10-22,329
2017-10-23,536
2017-10-24,593
2017-10-25,737
2017-10-26,559
2017-10-27,484
2017-10-28,276
2017-10-29,280
2017-10-30,424
2017-10-31,519
2017-11-01,521
2017-11-02,564
2017-11-03,622
2017-11-04,372
2017-11-05,339
2017-11-06,481
2017-11-07,525
2017-11-08,600
2017-11-09,473
2017-11-10,450
2017-11-11,276
2017-11-12,316
2017-11-13,436
2017-11-14,499
2017-11-15,509
2017-11-16,500
2017-11-17,473
2017-11-18,291
2017-11-19,270
2017-11-20,472
2017-11-21,403
2017-11-22,414
2017-11-23,228
2017-11-24,272
2017-11-25,277
2017-11-26,358
2017-11-27,408
2017-11-28,424
2017-11-29,465
2017-11-30,499
2017-12-01,450
2017-12-02,284
2017-12-03,281
2017-12-04,462
2017-12-05,470
2017-12-06,528
2017-12-07,452
2017-12-08,432
2017-12-09,265
2017-12-10,259
2017-12-11,403
2017-12-12,429
2017-12-13,415
2017-12-14,409
2017-12-15,373
2017-12-16,258
2017-12-17,268
2017-12-18,378
2017-12-19,415
2017-12-20,517
2017-12-21,420
2017-12-22,422
2017-12-23,248
2017-12-24,257
2017-12-25,202
2017-12-26,296
2017-12-27,386
2017-12-28,412
2017-12-29,353
2017-12-30,223
2017-12-31,260
2018-01-01,230
2018-01-02,385
2018-01-03,444
2018-01-04,446
2018-01-05,601
2018-01-06,377
2018-01-07,277
2018-01-08,405
2018-01-09,488
2018-01-10,575
2018-01-11,499
2018-01-12,510
2018-01-13,326
2018-01-14,277
2018-01-15,392
2018-01-16,478
2018-01-17,504
2018-01-18,449
2018-01-19,431
2018-01-20,305
2018-01-21,272
2018-01-22,541
2018-01-23,516
2018-01-24,547
2018-01-25,514
2018-01-26,519
2018-01-27,301
2018-01-28,335
2018-01-29,439
2018-01-30,490
2018-01-31,532
2018-02-01,503
2018-02-02,511
2018-02-03,319
2018-02-04,295
2018-02-05,393
2018-02-06,495
2018-02-07,539
2018-02-08,581
2018-02-09,529
2018-02-10,313
2018-02-11,309
2018-02-12,507
2018-02-13,602
2018-02-14,464
2018-02-15,485
2018-02-16,442
2018-02-17,327
2018-02-18,419
2018-02-19,525
2018-02-20,562
2018-02-21,655
2018-02-22,653
2018-02-23,708
2018-02-24,354
2018-02-25,405
2018-02-26,617
2018-02-27,630
2018-02-28,732
2018-03-01,599
2018-03-02,511
2018-03-03,354
2018-03-04,340
2018-03-05,535
2018-03-06,621
2018-03-07,680
2018-03-08,580
2018-03-09,435
2018-03-10,377
2018-03-11,348
2018-03-12,470
2018-03-13,544
2018-03-14,611
2018-03-15,577
2018-03-16,520
2018-03-17,282
2018-03-18,311
2018-03-19,548
2018-03-20,599
2018-03-21,565
2018-03-22,550
2018-03-23,427
2018-03-24,291
2018-03-25,359
2018-03-26,488
2018-03-27,593
2018-03-28,545
2018-03-29,529
2018-03-30,447
2018-03-31,319
2018-04-01,336
2018-04-02,629
2018-04-03,585
2018-04-04,728
2018-04-05,596
2018-04-06,572
2018-04-07,411
2018-04-08,370
2018-04-09,568
2018-04-10,619
2018-04-11,597
2018-04-12,613
2018-04-13,533
2018-04-14,351
2018-04-15,363
2018-04-16,553
2018-04-17,629
2018-04-18,726
2018-04-19,616
2018-04-20,520
2018-04-21,329
2018-04-22,370
2018-04-23,549
2018-04-24,699
2018-04-25,836
2018-04-26,765
2018-04-27,603
2018-04-28,377
2018-04-29,365
2018-04-30,585
2018-05-01,671
2018-05-02,693
2018-05-03,656
2018-05-04,540
2018-05-05,307
2018-05-06,412
2018-05-07,636
2018-05-08,702
2018-05-09,657
2018-05-10,645
2018-05-11,483
2018-05-12,381
2018-05-13,341
2018-05-14,590
2018-05-15,635
2018-05-16,683
2018-05-17,654
2018-05-18,556
2018-05-19,338
2018-05-20,330
2018-05-21,557
2018-05-22,670
2018-05-23,596
2018-05-24,627
2018-05-25,517
2018-05-26,355
2018-05-27,275
2018-05-28,361
2018-05-29,577
2018-05-30,655
2018-05-31,668
2018-06-01,598
2018-06-02,454
2018-06-03,389
2018-06-04,624
2018-06-05,728
2018-06-06,664
2018-06-07,674
2018-06-08,534
2018-06-09,381
2018-06-10,453
2018-06-11,699
2018-06-12,662
2018-06-13,654
2018-06-14,715
2018-06-15,522
2018-06-16,376
2018-06-17,359
2018-06-18,542
2018-06-19,575
2018-06-20,632
2018-06-21,566
2018-06-22,538
2018-06-23,423
2018-06-24,421
2018-06-25,520
2018-06-26,891
2018-06-27,813
2018-06-28,632
2018-06-29,616
2018-06-30,386
2018-07-01,399
2018-07-02,760
2018-07-03,700
2018-07-04,458
2018-07-05,734
2018-07-06,580
2018-07-07,415
2018-07-08,416
2018-07-09,612
2018-07-10,584
2018-07-11,734
2018-07-12,676
2018-07-13,604
2018-07-14,418
2018-07-15,345
2018-07-16,548
2018-07-17,638
2018-07-18,620
2018-07-19,622
2018-07-20,565
2018-07-21,425
2018-07-22,431
2018-07-23,636
2018-07-24,696
2018-07-25,719
2018-07-26,641
2018-07-27,529
2018-07-28,422
2018-07-29,477
2018-07-30,615
2018-07-31,773
2018-08-01,847
2018-08-02,791
2018-08-03,551
2018-08-04,401
2018-08-05,443
2018-08-06,603
2018-08-07,689
2018-08-08,653
2018-08-09,654
2018-08-10,578
2018-08-11,422
2018-08-12,378
2018-08-13,624
2018-08-14,669
2018-08-15,605
2018-08-16,608
2018-08-17,563
2018-08-18,424
2018-08-19,481
2018-08-20,632
2018-08-21,693
2018-08-22,937
2018-08-23,703
2018-08-24,673
2018-08-25,400
2018-08-26,408
2018-08-27,650
2018-08-28,692
2018-08-29,779
2018-08-30,770
2018-08-31,591
2018-09-01,464
2018-09-02,345
2018-09-03,493
2018-09-04,593
2018-09-05,936
2018-09-06,704
2018-09-07,761
2018-09-08,427
2018-09-09,449
2018-09-10,688
2018-09-11,879
2018-09-12,658
2018-09-13,780
2018-09-14,553
2018-09-15,417
2018-09-16,376
2018-09-17,579
2018-09-18,701
2018-09-19,793
2018-09-20,700
2018-09-21,618
2018-09-22,392
2018-09-23,401
2018-09-24,674
2018-09-25,688
2018-09-26,804
2018-09-27,716
2018-09-28,549
2018-09-29,386
2018-09-30,393
2018-10-01,570
2018-10-02,722
2018-10-03,819
2018-10-04,1004
2018-10-05,682
2018-10-06,418
2018-10-07,403
2018-10-08,566
2018-10-09,719
2018-10-10,759
2018-10-11,848
2018-10-12,572
2018-10-13,380
2018-10-14,382
2018-10-15,656
2018-10-16,760
2018-10-17,782
2018-10-18,728
2018-10-19,643
2018-10-20,386
2018-10-21,413
2018-10-22,714
2018-10-23,861
2018-10-24,726
2018-10-25,740
2018-10-26,625
2018-10-27,498
2018-10-28,408
2018-10-29,664
2018-10-30,764
2018-10-31,685
2018-11-01,770
2018-11-02,672
2018-11-03,447
2018-11-04,499
2018-11-05,721
2018-11-06,769
2018-11-07,724
2018-11-08,803
2018-11-09,637
2018-11-10,417
2018-11-11,422
2018-11-12,637
2018-11-13,747
2018-11-14,821
2018-11-15,874
2018-11-16,602
2018-11-17,455
2018-11-18,423
2018-11-19,610
2018-11-20,589
2018-11-21,594
2018-11-22,289
2018-11-23,369
2018-11-24,423
2018-11-25,420
2018-11-26,614
2018-11-27,915
2018-11-28,738
2018-11-29,776
2018-11-30,646
2018-12-01,462
2018-12-02,389
2018-12-03,714
2018-12-04,716
2018-12-05,780
2018-12-06,821
2018-12-07,692
2018-12-08,416
2018-12-09,432
2018-12-10,685
2018-12-11,678
2018-12-12,727
2018-12-13,781
2018-12-14,622
2018-12-15,452
2018-12-16,468
2018-12-17,780
2018-12-18,727
2018-12-19,758
2018-12-20,677
2018-12-21,634
2018-12-22,407
2018-12-23,339
2018-12-24,345
2018-12-25,283
2018-12-26,450
2018-12-27,604
2018-12-28,603
2018-12-29,496
2018-12-30,464
2018-12-31,494
2019-01-01,503
2019-01-02,705
2019-01-03,798
2019-01-04,717
2019-01-05,533
2019-01-06,519
2019-01-07,811
2019-01-08,971
2019-01-09,891
2019-01-10,908
2019-01-11,807
2019-01-12,488
2019-01-13,474
2019-01-14,760
2019-01-15,871
2019-01-16,938
2019-01-17,832
2019-01-18,758
2019-01-19,599
2019-01-20,548
2019-01-21,786
2019-01-22,915
2019-01-23,1235
2019-01-24,1028
2019-01-25,1088
2019-01-26,616
2019-01-27,543
2019-01-28,891
2019-01-29,1107
2019-01-30,1030
2019-01-31,983
2019-02-01,779
2019-02-02,613
2019-02-03,550
2019-02-04,837
2019-02-05,1016
2019-02-06,957
2019-02-07,1020
2019-02-08,854
2019-02-09,557
2019-02-10,616
2019-02-11,828
2019-02-12,930
2019-02-13,920
2019-02-14,911
2019-02-15,866
2019-02-16,647
2019-02-17,590
2019-02-18,873
2019-02-19,1048
2019-02-20,1063
2019-02-21,1160
2019-02-22,862
2019-02-23,667
2019-02-24,584
2019-02-25,842
2019-02-26,1120
2019-02-27,971
2019-02-28,974
2019-03-01,818
2019-03-02,615
2019-03-03,642
2019-03-04,885
2019-03-05,980
2019-03-06,864
2019-03-07,918
2019-03-08,771
2019-03-09,646
2019-03-10,585
2019-03-11,901
2019-03-12,1048
2019-03-13,930
2019-03-14,917
2019-03-15,771
2019-03-16,499
2019-03-17,500
2019-03-18,806
2019-03-19,1090
2019-03-20,1025
2019-03-21,958
2019-03-22,865
2019-03-23,562
2019-03-24,577
2019-03-25,905
2019-03-26,991
2019-03-27,1044
2019-03-28,963
2019-03-29,769
2019-03-30,547
2019-03-31,799
2019-04-01,1015
2019-04-02,1017
2019-04-03,1115
2019-04-04,1023
2019-04-05,869
2019-04-06,622
2019-04-07,554
2019-04-08,844
2019-04-09,969
2019-04-10,1079
2019-04-11,962
2019-04-12,885
2019-04-13,611
2019-04-14,573
2019-04-15,895
2019-04-16,1154
2019-04-17,1020
2019-04-18,921
2019-04-19,793
2019-04-20,556
2019-04-21,520
2019-04-22,1073
2019-04-23,1217
2019-04-24,1267
2019-04-25,1043
2019-04-26,842
2019-04-27,664
2019-04-28,708
2019-04-29,1061
2019-04-30,1013
2019-05-01,1031
2019-05-02,960
2019-05-03,888
2019-05-04,612
2019-05-05,541
2019-05-06,831
2019-05-07,954
2019-05-08,1100
2019-05-09,1022
2019-05-10,895
2019-05-11,589
2019-05-12,553
2019-05-13,904
2019-05-14,1070
2019-05-15,1143
2019-05-16,1076
2019-05-17,936
2019-05-18,591
2019-05-19,576
2019-05-20,897
2019-05-21,1072
2019-05-22,979
2019-05-23,1032
2019-05-24,925
2019-05-25,548
2019-05-26,523
2019-05-27,636
2019-05-28,997
2019-05-29,1308
2019-05-30,1224
2019-05-31,1194
2019-06-01,686
2019-06-02,711
2019-06-03,1276
2019-06-04,1355
2019-06-05,1325
2019-06-06,1249
2019-06-07,1064
2019-06-08,695
2019-06-09,692
2019-06-10,1006
2019-06-11,1306
2019-06-12,1193
2019-06-13,1161
2019-06-14,1112
2019-06-15,782
2019-06-16,740
2019-06-17,1140
2019-06-18,1235
2019-06-19,1296
2019-06-20,1176
2019-06-21,999
2019-06-22,688
2019-06-23,667
2019-06-24,970
2019-06-25,1300
2019-06-26,1126
2019-06-27,1164
2019-06-28,983
2019-06-29,679
2019-06-30,599
2019-07-01,1245
2019-07-02,1351
2019-07-03,1461
2019-07-04,775
2019-07-05,802
2019-07-06,673
2019-07-07,780
2019-07-08,1159
2019-07-09,1217
2019-07-10,1276
2019-07-11,1229
2019-07-12,1093
2019-07-13,678
2019-07-14,644
2019-07-15,966
2019-07-16,1173
2019-07-17,1174
2019-07-18,1097
2019-07-19,916
2019-07-20,688
2019-07-21,610
2019-07-22,1066
2019-07-23,1198
2019-07-24,1206
2019-07-25,1172
2019-07-26,987
2019-07-27,658
2019-07-28,697
2019-07-29,1098
2019-07-30,1275
2019-07-31,1206
2019-08-01,1185
2019-08-02,1011
2019-08-03,715
2019-08-04,685
2019-08-05,1020
2019-08-06,1189
2019-08-07,1210
2019-08-08,1229
2019-08-09,1085
2019-08-10,688
2019-08-11,734
2019-08-12,1092
2019-08-13,1332
2019-08-14,1335
2019-08-15,1304
2019-08-16,1118
2019-08-17,679
2019-08-18,705
2019-08-19,1174
2019-08-20,1235
2019-08-21,1637
2019-08-22,1406
2019-08-23,1132
2019-08-24,659
2019-08-25,727
2019-08-26,1080
2019-08-27,1517
2019-08-28,1366
2019-08-29,1137
2019-08-30,994
2019-08-31,673
2019-09-01,638
2019-09-02,875
2019-09-03,1171
2019-09-04,1297
2019-09-05,1366
2019-09-06,1133
2019-09-07,755
2019-09-08,810
2019-09-09,1174
2019-09-10,1440
2019-09-11,1391
2019-09-12,1391
2019-09-13,1082
2019-09-14,813
2019-09-15,846
2019-09-16,1497
2019-09-17,1467
2019-09-18,1616
2019-09-19,1487
2019-09-20,1334
2019-09-21,824
2019-09-22,830
2019-09-23,1247
2019-09-24,1524
2019-09-25,1432
2019-09-26,1404
2019-09-27,1399
2019-09-28,810
2019-09-29,901
2019-09-30,1274
2019-10-01,1235
2019-10-02,1476
2019-10-03,1338
2019-10-04,1043
2019-10-05,766
2019-10-06,709
2019-10-07,1258
2019-10-08,1534
2019-10-09,1708
2019-10-10,1481
2019-10-11,1303
2019-10-12,798
2019-10-13,715
2019-10-14,1171
2019-10-15,1344
2019-10-16,1400
2019-10-17,1353
2019-10-18,1145
2019-10-19,735
2019-10-20,742
2019-10-21,1334
2019-10-22,1433
2019-10-23,1495
2019-10-24,1394
2019-10-25,1101
2019-10-26,739
2019-10-27,645
2019-10-28,1217
2019-10-29,1295
2019-10-30,1235
2019-10-31,1182
2019-11-01,1029
2019-11-02,735
2019-11-03,774
2019-11-04,1346
2019-11-05,1612
2019-11-06,1580
2019-11-07,1571
2019-11-08,1294
2019-11-09,698
2019-11-10,728
2019-11-11,1202
2019-11-12,1415
2019-11-13,1521
2019-11-14,1878
2019-11-15,1177
2019-11-16,753
2019-11-17,697
2019-11-18,1212
2019-11-19,1253
2019-11-20,1309
2019-11-21,1330
2019-11-22,1092
2019-11-23,736
2019-11-24,776
2019-11-25,1059
2019-11-26,1286
2019-11-27,1120
2019-11-28,560
2019-11-29,555
2019-11-30,652
2019-12-01,730
2019-12-02,1255
2019-12-03,1515
2019-12-04,1323
2019-12-05,1223
2019-12-06,1077
2019-12-07,683
2019-12-08,596
2019-12-09,993
2019-12-10,1226
2019-12-11,1167
2019-12-12,1231
2019-12-13,1045
2019-12-14,610
2019-12-15,650
2019-12-16,1053
2019-12-17,1115
2019-12-18,1110
2019-12-19,901
2019-12-20,810
2019-12-21,648
2019-12-22,600
2019-12-23,802
2019-12-24,593
2019-12-25,428
2019-12-26,691
2019-12-27,746
2019-12-28,657
2019-12-29,779
2019-12-30,989
2019-12-31,774
2020-01-01,825
2020-01-02,1134
2020-01-03,1082
2020-01-04,679
2020-01-05,793
2020-01-06,1136
2020-01-07,1190
2020-01-08,1357
2020-01-09,1265
2020-01-10,1160
2020-01-11,744
2020-01-12,772
2020-01-13,1170
2020-01-14,1275
2020-01-15,1312
2020-01-16,1214
2020-01-17,1020
2020-01-18,821
2020-01-19,737
2020-01-20,1028
2020-01-21,1232
2020-01-22,1508
2020-01-23,1400
2020-01-24,1087
2020-01-25,800
2020-01-26,687
2020-01-27,1156
2020-01-28,1371
2020-01-29,1370
2020-01-30,1394
2020-01-31,1099
2020-02-01,945
2020-02-02,768
2020-02-03,1069
2020-02-04,1307
2020-02-05,1300
2020-02-06,1330
2020-02-07,1145
2020-02-08,825
2020-02-09,789
2020-02-10,1248
2020-02-11,1558
2020-02-12,1430
2020-02-13,1323
2020-02-14,1283
2020-02-15,859
2020-02-16,720
2020-02-17,1155
2020-02-18,1307
2020-02-19,1408
2020-02-20,1290
2020-02-21,1156
2020-02-22,854
2020-02-23,827
2020-02-24,1251
2020-02-25,1432
2020-02-26,1297
2020-02-27,1255
2020-02-28,1229
2020-02-29,816
2020-03-01,761
2020-03-02,1234
2020-03-03,1291
2020-03-04,1444
2020-03-05,1312
2020-03-06,1207
2020-03-07,774
2020-03-08,817
2020-03-09,1306
2020-03-10,1402
2020-03-11,1307
2020-03-12,981
2020-03-13,907
2020-03-14,658
2020-03-15,632
2020-03-16,842
2020-03-17,941
2020-03-18,1008
2020-03-19,902
2020-03-20,779
2020-03-21,729
2020-03-22,778
2020-03-23,1031
2020-03-24,1065
2020-03-25,1013
2020-03-26,1115
2020-03-27,1005
2020-03-28,907
2020-03-29,799
2020-03-30,1076
2020-03-31,1278
2020-04-01,1217
2020-04-02,1176
2020-04-03,937
2020-04-04,747
2020-04-05,954
2020-04-06,1148
2020-04-07,1274
2020-04-08,1215
2020-04-09,1077
2020-04-10,1056
2020-04-11,810
2020-04-12,706
2020-04-13,1100
2020-04-14,1304
2020-04-15,1388
2020-04-16,1354
2020-04-17,1252
2020-04-18,933
2020-04-19,834
2020-04-20,1174
2020-04-21,1355
2020-04-22,1346
2020-04-23,1319
2020-04-24,1297
2020-04-25,978
2020-04-26,1047
2020-04-27,1276
2020-04-28,1327
2020-04-29,1283
2020-04-30,1419
2020-05-01,1625
2020-05-02,962
2020-05-03,845
2020-05-04,1324
2020-05-05,1388
2020-05-06,1499
2020-05-07,1548
2020-05-08,1410
2020-05-09,953
2020-05-10,765
2020-05-11,1280
2020-05-12,1544
2020-05-13,1627
2020-05-14,1487
2020-05-15,1160
2020-05-16,963
2020-05-17,985
2020-05-18,1540
2020-05-19,1671
2020-05-20,1463
2020-05-21,1525
2020-05-22,1266
2020-05-23,922
2020-05-24,869
2020-05-25,1048
2020-05-26,1481
2020-05-27,1551
2020-05-28,1471
2020-05-29,1151
2020-05-30,778
2020-05-31,929
2020-06-01,1063
2020-06-02,1171
2020-06-03,1239
2020-06-04,1281
2020-06-05,1168
2020-06-06,911
2020-06-07,858
2020-06-08,1425
2020-06-09,2528
2020-06-10,2193
2020-06-11,1399
2020-06-12,1225
2020-06-13,813
2020-06-14,856
2020-06-15,1236
2020-06-16,1550
2020-06-17,1423
2020-06-18,1406
2020-06-19,1121
2020-06-20,792
2020-06-21,798
2020-06-22,1285
2020-06-23,1411
2020-06-24,1370
2020-06-25,1388
2020-06-26,1218
2020-06-27,906
2020-06-28,858
2020-06-29,1363
2020-06-30,1325
2020-07-01,1562
2020-07-02,1293
2020-07-03,1015
2020-07-04,742
2020-07-05,897
2020-07-06,1306
2020-07-07,1880
2020-07-08,1638
2020-07-09,1460
2020-07-10,1260
2020-07-11,878
2020-07-12,887
2020-07-13,1216
2020-07-14,1534
2020-07-15,1501
2020-07-16,1321
2020-07-17,1330
2020-07-18,1134
2020-07-19,844
2020-07-20,1410
2020-07-21,1775
2020-07-22,1485
2020-07-23,1704
2020-07-24,1291
2020-07-25,977
2020-07-26,783
2020-07-27,1349
2020-07-28,1503
2020-07-29,1544
2020-07-30,1558
2020-07-31,1337
2020-08-01,949
2020-08-02,899
2020-08-03,1380
2020-08-04,1694
2020-08-05,1567
2020-08-06,1529
2020-08-07,1409
2020-08-08,1055
2020-08-09,1027
2020-08-10,1329
2020-08-11,1295
2020-08-12,1453
2020-08-13,1249
2020-08-14,1259
2020-08-15,880
2020-08-16,930
2020-08-17,1685
2020-08-18,1443
2020-08-19,1484
2020-08-20,1619
2020-08-21,1309
2020-08-22,996
2020-08-23,911
2020-08-24,1389
2020-08-25,1445
2020-08-26,1395
2020-08-27,1670
2020-08-28,1334
2020-08-29,942
2020-08-30,892
2020-08-31,1370
2020-09-01,1593
2020-09-02,1675
2020-09-03,1457
2020-09-04,1294
2020-09-05,947
2020-09-06,845
2020-09-07,1212
2020-09-08,1418
2020-09-09,1619
2020-09-10,1609
2020-09-11,1325
2020-09-12,958
2020-09-13,878
2020-09-14,1455
2020-09-15,1541
2020-09-16,1605
2020-09-17,1503
2020-09-18,1222
2020-09-19,891
2020-09-20,945
2020-09-21,1382
2020-09-22,1406
2020-09-23,1510
2020-09-24,1552
2020-09-25,1610
2020-09-26,989
2020-09-27,1015
2020-09-28,1722
2020-09-29,1451
2020-09-30,1484
2020-10-01,1544
2020-10-02,1269
2020-10-03,933
2020-10-04,845
2020-10-05,1232
2020-10-06,1442
2020-10-07,1393
2020-10-08,1348
2020-10-09,1250
2020-10-10,940
2020-10-11,915
2020-10-12,1312
2020-10-13,1698
2020-10-14,1872
2020-10-15,1599
2020-10-16,1201
2020-10-17,870
2020-10-18,856
2020-10-19,1303
2020-10-20,1448
2020-10-21,1455
2020-10-22,1353
2020-10-23,1146
2020-10-24,841
2020-10-25,852
2020-10-26,1316
2020-10-27,1471
2020-10-28,1502
2020-10-29,1448
2020-10-30,1158
2020-10-31,671
2020-11-01,766
2020-11-02,1144
2020-11-03,1077
2020-11-04,1146
2020-11-05,1152
2020-11-06,1032
2020-11-07,664
2020-11-08,770
2020-11-09,1191
2020-11-10,1289
2020-11-11,1454
2020-11-12,1428
2020-11-13,1194
2020-11-14,932
2020-11-15,867
2020-11-16,1231
2020-11-17,1494
2020-11-18,1426
2020-11-19,1976
2020-11-20,1508
2020-11-21,929
2020-11-22,850
2020-11-23,1231
2020-11-24,1295
2020-11-25,1084
2020-11-26,656
2020-11-27,764
2020-11-28,781
2020-11-29,787
2020-11-30,1128
2020-12-01,1340
2020-12-02,1432
2020-12-03,1429
2020-12-04,1232
2020-12-05,933
2020-12-06,814
2020-12-07,1304
2020-12-08,1476
2020-12-09,1449
2020-12-10,1292
2020-12-11,1116
2020-12-12,875
2020-12-13,807
2020-12-14,1200
2020-12-15,1442
2020-12-16,1239
2020-12-17,1206
2020-12-18,1158
2020-12-19,822
2020-12-20,857
2020-12-21,988
2020-12-22,1134
2020-12-23,1145
2020-12-24,770
2020-12-25,476
2020-12-26,586
2020-12-27,706
2020-12-28,1197
2020-12-29,1263
2020-12-30,1207
2020-12-31,968
2021-01-01,804
2021-01-02,834
2021-01-03,883
2021-01-04,1338
2021-01-05,1594
2021-01-06,1225
2021-01-07,1235
2021-01-08,1208
2021-01-09,1057
2021-01-10,996
2021-01-11,1274
2021-01-12,1458
2021-01-13,1605
2021-01-14,1456
2021-01-15,1511
2021-01-16,947
2021-01-17,937
2021-01-18,1313
2021-01-19,1426
2021-01-20,1255
2021-01-21,2110
2021-01-22,1476
2021-01-23,1115
2021-01-24,1214
2021-01-25,1607
2021-01-26,1594
2021-01-27,1813
2021-01-28,1469
2021-01-29,1314
2021-01-30,1071
2021-01-31,1038
2021-02-01,1432
2021-02-02,1571
2021-02-03,1472
2021-02-04,1480
2021-02-05,1287
2021-02-06,977
2021-02-07,839
2021-02-08,1382
2021-02-09,1534
2021-02-10,1448
2021-02-11,1483
2021-02-12,1276
2021-02-13,910
2021-02-14,826
2021-02-15,1346
2021-02-16,1626
2021-02-17,1565
2021-02-18,1555
2021-02-19,1441
2021-02-20,1011
2021-02-21,1009
2021-02-22,1618
2021-02-23,1610
2021-02-24,1524
2021-02-25,1883
2021-02-26,1963
2021-02-27,1550
2021-02-28,1092
2021-03-01,1413
2021-03-02,1541
2021-03-03,1476
2021-03-04,1631
2021-03-05,1246
2021-03-06,914
2021-03-07,845
2021-03-08,1237
2021-03-09,1375
2021-03-10,1350
2021-03-11,1277
2021-03-12,1158
2021-03-13,921
2021-03-14,864
2021-03-15,1347
2021-03-16,1417
2021-03-17,1315
2021-03-18,1268
2021-03-19,1140
2021-03-20,811
2021-03-21,844
2021-03-22,1345
2021-03-23,1377
2021-03-24,1378
2021-03-25,1301
2021-03-26,1124
2021-03-27,814
2021-03-28,770
2021-03-29,1150
2021-03-30,1275
2021-03-31,1347
2021-04-01,1364
2021-04-02,1111
2021-04-03,783
2021-04-04,734
2021-04-05,1129
2021-04-06,1283
2021-04-07,1392
2021-04-08,1314
2021-04-09,1097
2021-04-10,893
2021-04-11,920
2021-04-12,1211
2021-04-13,1257
2021-04-14,1274
2021-04-15,1460
2021-04-16,1110
2021-04-17,783
2021-04-18,845
2021-04-19,1190
2021-04-20,1169
2021-04-21,1164
2021-04-22,1339
2021-04-23,1209
2021-04-24,760
2021-04-25,810
2021-04-26,1146
2021-04-27,1144
2021-04-28,1128
2021-04-29,1254
2021-04-30,1074
2021-05-01,715
2021-05-02,755
2021-05-03,1108
2021-05-04,1484
2021-05-05,1264
2021-05-06,1123
2021-05-07,970
2021-05-08,722
2021-05-09,650
2021-05-10,1106
2021-05-11,1209
2021-05-12,1447
2021-05-13,1259
2021-05-14,997
2021-05-15,775
2021-05-16,811
2021-05-17,1159
2021-05-18,1088
2021-05-19,1184
2021-05-20,1134
2021-05-21,928
2021-05-22,668
2021-05-23,614
2021-05-24,1121
2021-05-25,1139
2021-05-26,1166
2021-05-27,1023
2021-05-28,798
2021-05-29,706
2021-05-30,569
2021-05-31,763
2021-06-01,1142
2021-06-02,1259
2021-06-03,1092
2021-06-04,954
2021-06-05,646
2021-06-06,673
2021-06-07,1022
2021-06-08,1194
2021-06-09,1206
2021-06-10,1188
2021-06-11,1046
2021-06-12,715
2021-06-13,686
2021-06-14,990
2021-06-15,1152
2021-06-16,1072
2021-06-17,1085
2021-06-18,787
2021-06-19,639
2021-06-20,542
2021-06-21,845
2021-06-22,1067
2021-06-23,1117
2021-06-24,1294
2021-06-25,1071
2021-06-26,651
2021-06-27,646
2021-06-28,942
2021-06-29,1191
2021-06-30,1243
2021-07-01,954
2021-07-02,910
2021-07-03,567
2021-07-04,505
2021-07-05,759
2021-07-06,1079
2021-07-07,1221
2021-07-08,1103
2021-07-09,890
2021-07-10,579
2021-07-11,598
2021-07-12,884
2021-07-13,1045
2021-07-14,1019
2021-07-15,962
2021-07-16,822
2021-07-17,641
2021-07-18,593
2021-07-19,884
2021-07-20,983
2021-07-21,981
2021-07-22,1093
2021-07-23,863
2021-07-24,578
2021-07-25,596
2021-07-26,919
2021-07-27,1005
2021-07-28,971
2021-07-29,973
2021-07-30,834
2021-07-31,616
2021-08-01,671
2021-08-02,987
2021-08-03,1086
2021-08-04,982
2021-08-05,867
2021-08-06,753
2021-08-07,592
2021-08-08,672
2021-08-09,962
2021-08-10,941
2021-08-11,1010
2021-08-12,973
2021-08-13,817
2021-08-14,595
2021-08-15,634
2021-08-16,834
2021-08-17,909
2021-08-18,998
2021-08-19,992
2021-08-20,894
2021-08-21,559
2021-08-22,599
2021-08-23,858
2021-08-24,933
2021-08-25,961
2021-08-26,1139
2021-08-27,1133
2021-08-28,624
2021-08-29,654
2021-08-30,913
2021-08-31,979
2021-09-01,1039
2021-09-02,986
2021-09-03,829
2021-09-04,582
2021-09-05,570
2021-09-06,741
2021-09-07,934
2021-09-08,1702
2021-09-09,1290
2021-09-10,1036
2021-09-11,654
2021-09-12,698
2021-09-13,1027
2021-09-14,1101
2021-09-15,1120
2021-09-16,1332
2021-09-17,939
2021-09-18,650
2021-09-19,669
2021-09-20,1070
2021-09-21,1027
2021-09-22,1043
2021-09-23,1066
2021-09-24,920
2021-09-25,580
2021-09-26,601
2021-09-27,866
2021-09-28,1037
2021-09-29,1092
2021-09-30,1370
2021-10-01,874
2021-10-02,611
2021-10-03,618
2021-10-04,930
2021-10-05,1070
2021-10-06,1183
2021-10-07,1011
2021-10-08,941
2021-10-09,541
2021-10-10,592
2021-10-11,947
2021-10-12,1125
2021-10-13,1144
2021-10-14,1037
2021-10-15,859
2021-10-16,600
2021-10-17,586
2021-10-18,873
2021-10-19,919
2021-10-20,1197
2021-10-21,1139
2021-10-22,804
2021-10-23,558
2021-10-24,583
2021-10-25,918
2021-10-26,1009
2021-10-27,1000
2021-10-28,957
2021-10-29,753
2021-10-30,532
2021-10-31,510
2021-11-01,776
2021-11-02,1066
2021-11-03,1009
2021-11-04,1054
2021-11-05,781
2021-11-06,549
2021-11-07,593
2021-11-08,1068
2021-11-09,941
2021-11-10,893
2021-11-11,944
2021-11-12,866
2021-11-13,550
2021-11-14,600
2021-11-15,809
2021-11-16,950
2021-11-17,958
2021-11-18,984
2021-11-19,777
2021-11-20,605
2021-11-21,576
2021-11-22,888
2021-11-23,1225
2021-11-24,783
2021-11-25,461
2021-11-26,525
2021-11-27,451
2021-11-28,598
2021-11-29,807
2021-11-30,872
2021-12-01,967
2021-12-02,943
2021-12-03,838
2021-12-04,572
2021-12-05,551
2021-12-06,867
2021-12-07,1027
2021-12-08,951
2021-12-09,936
2021-12-10,748
2021-12-11,567
2021-12-12,570
2021-12-13,790
2021-12-14,887
2021-12-15,933
2021-12-16,878
2021-12-17,821
2021-12-18,595
2021-12-19,599
2021-12-20,766
2021-12-21,953
2021-12-22,794
2021-12-23,667
2021-12-24,432
2021-12-25,309
2021-12-26,397
2021-12-27,606
2021-12-28,779
2021-12-29,748
2021-12-30,725
2021-12-31,538
2022-01-01,503
2022-01-02,521
2022-01-03,863
2022-01-04,1041
2022-01-05,910
2022-01-06,961
2022-01-07,901
2022-01-08,683
2022-01-09,659
2022-01-10,935
2022-01-11,925
2022-01-12,978
2022-01-13,974
2022-01-14,825
2022-01-15,612
2022-01-16,592
2022-01-17,761
2022-01-18,1015
2022-01-19,1007
2022-01-20,1065
2022-01-21,1043
2022-01-22,664
2022-01-23,640
2022-01-24,921
2022-01-25,1045
2022-01-26,948
2022-01-27,869
2022-01-28,796
2022-01-29,583
2022-01-30,545
2022-01-31,907
2022-02-01,1033
2022-02-02,986
2022-02-03,1078
2022-02-04,763
2022-02-05,587
2022-02-06,603
2022-02-07,918
2022-02-08,974
2022-02-09,949
2022-02-10,967
2022-02-11,835
2022-02-12,653
2022-02-13,552
2022-02-14,768
2022-02-15,952
2022-02-16,882
2022-02-17,901
2022-02-18,733
2022-02-19,554
2022-02-20,564
2022-02-21,746
2022-02-22,1000
2022-02-23,949
2022-02-24,822
2022-02-25,781
2022-02-26,532
2022-02-27,561
2022-02-28,1170
2022-03-01,993
2022-03-02,853
2022-03-03,828
2022-03-04,787
2022-03-05,559
2022-03-06,591
2022-03-07,706
2022-03-08,860
2022-03-09,825
2022-03-10,880
2022-03-11,755
2022-03-12,532
2022-03-13,522
2022-03-14,735
2022-03-15,866
2022-03-16,993
2022-03-17,880
2022-03-18,749
2022-03-19,540
2022-03-20,603
2022-03-21,750
2022-03-22,883
2022-03-23,923
2022-03-24,828
2022-03-25,825
2022-03-26,607
2022-03-27,795
2022-03-28,670
2022-03-29,780
2022-03-30,849
2022-03-31,871
2022-04-01,724
2022-04-02,497
2022-04-03,580
2022-04-04,809
2022-04-05,875
2022-04-06,873
2022-04-07,836
2022-04-08,659
2022-04-09,471
2022-04-10,516
2022-04-11,737
2022-04-12,863
2022-04-13,817
2022-04-14,819
2022-04-15,623
2022-04-16,550
2022-04-17,451
2022-04-18,723
2022-04-19,825
2022-04-20,839
2022-04-21,876
2022-04-22,728
2022-04-23,539
2022-04-24,534
2022-04-25,827
2022-04-26,896
2022-04-27,924
2022-04-28,922
2022-04-29,752
2022-04-30,513
2022-05-01,604
2022-05-02,868
2022-05-03,845
2022-05-04,836
2022-05-05,801
2022-05-06,757
2022-05-07,495
2022-05-08,463
2022-05-09,682
2022-05-10,775
2022-05-11,922
2022-05-12,913
2022-05-13,711
2022-05-14,538
2022-05-15,464
2022-05-16,735
2022-05-17,836
2022-05-18,781
2022-05-19,901
2022-05-20,713
2022-05-21,478
2022-05-22,458
2022-05-23,781
2022-05-24,862
2022-05-25,931
2022-05-26,836
2022-05-27,659
2022-05-28,433
2022-05-29,418
2022-05-30,565
2022-05-31,790
2022-06-01,765
2022-06-02,843
2022-06-03,676
2022-06-04,539
2022-06-05,566
2022-06-06,819
2022-06-07,838
2022-06-08,829
2022-06-09,810
2022-06-10,777
2022-06-11,489
2022-06-12,540
2022-06-13,995
2022-06-14,889
2022-06-15,771
2022-06-16,807
2022-06-17,722
2022-06-18,587
2022-06-19,534
2022-06-20,847
2022-06-21,840
2022-06-22,890
2022-06-23,805
2022-06-24,672
2022-06-25,514
2022-06-26,488
2022-06-27,729
2022-06-28,787
2022-06-29,816
2022-06-30,855
2022-07-01,789
2022-07-02,524
2022-07-03,433
2022-07-04,469
2022-07-05,698
2022-07-06,766
2022-07-07,905
2022-07-08,714
2022-07-09,508
2022-07-10,519
2022-07-11,721
2022-07-12,734
2022-07-13,728
2022-07-14,741
2022-07-15,716
2022-07-16,531
2022-07-17,539
2022-07-18,730
2022-07-19,799
2022-07-20,749
2022-07-21,788
2022-07-22,631
2022-07-23,533
2022-07-24,504
2022-07-25,713
2022-07-26,693
2022-07-27,794
2022-07-28,726
2022-07-29,621
2022-07-30,454
2022-07-31,468
2022-08-01,705
2022-08-02,734
2022-08-03,760
2022-08-04,710
2022-08-05,603
2022-08-06,478
2022-08-07,528
2022-08-08,694
2022-08-09,735
2022-08-10,686
2022-08-11,694
2022-08-12,632
2022-08-13,491
2022-08-14,505
2022-08-15,626
2022-08-16,733
2022-08-17,737
2022-08-18,740
2022-08-19,617
2022-08-20,437
2022-08-21,447
2022-08-22,698
2022-08-23,706
2022-08-24,701
2022-08-25,838
2022-08-26,964
2022-08-27,554
2022-08-28,483
2022-08-29,677
2022-08-30,695
2022-08-31,739
2022-09-01,775
2022-09-02,674
2022-09-03,485
2022-09-04,481
2022-09-05,609
2022-09-06,745
2022-09-07,785
2022-09-08,812
2022-09-09,656
2022-09-10,455
2022-09-11,572
2022-09-12,694
2022-09-13,709
2022-09-14,749
2022-09-15,785
2022-09-16,665
2022-09-17,406
2022-09-18,492
2022-09-19,742
2022-09-20,711
2022-09-21,950
2022-09-22,779
2022-09-23,639
2022-09-24,465
2022-09-25,486
2022-09-26,881
2022-09-27,777
2022-09-28,849
2022-09-29,793
2022-09-30,587
2022-10-01,469
2022-10-02,471
2022-10-03,730
2022-10-04,776
2022-10-05,826
2022-10-06,737
2022-10-07,594
2022-10-08,428
2022-10-09,475
2022-10-10,719
2022-10-11,721
2022-10-12,729
2022-10-13,729
2022-10-14,644
2022-10-15,431
2022-10-16,440
2022-10-17,778
2022-10-18,780
2022-10-19,754
2022-10-20,783
2022-10-21,721
2022-10-22,482
2022-10-23,440
2022-10-24,560
2022-10-25,725
2022-10-26,733
2022-10-27,729
2022-10-28,583
2022-10-29,425
2022-10-30,436
2022-10-31,498
2022-11-01,709
2022-11-02,717
2022-11-03,707
2022-11-04,593
2022-11-05,397
2022-11-06,481
2022-11-07,569
2022-11-08,662
2022-11-09,719
2022-11-10,633
2022-11-11,593
2022-11-12,407
2022-11-13,439
2022-11-14,578
2022-11-15,667
2022-11-16,700
2022-11-17,635
2022-11-18,581
2022-11-19,505
2022-11-20,469
2022-11-21,571
2022-11-22,596
2022-11-23,521
2022-11-24,308
2022-11-25,324
2022-11-26,418
2022-11-27,408
2022-11-28,546
2022-11-29,634
2022-11-30,647
2022-12-01,576
2022-12-02,492
2022-12-03,405
2022-12-04,379
2022-12-05,523
2022-12-06,610
2022-12-07,645
2022-12-08,654
2022-12-09,505
2022-12-10,445
2022-12-11,385
2022-12-12,540
2022-12-13,568
2022-12-14,530
2022-12-15,590
2022-12-16,502
2022-12-17,355
2022-12-18,368
2022-12-19,514
2022-12-20,526
2022-12-21,583
2022-12-22,540
2022-12-23,405
2022-12-24,286
2022-12-25,216
2022-12-26,355
2022-12-27,484
2022-12-28,514
2022-12-29,523
2022-12-30,481
2022-12-31,370
2023-01-01,370
2023-01-02,507
2023-01-03,629
2023-01-04,613
2023-01-05,645
2023-01-06,511
2023-01-07,406
2023-01-08,455
2023-01-09,602
2023-01-10,669
2023-01-11,624
2023-01-12,584
2023-01-13,501
2023-01-14,397
2023-01-15,362
2023-01-16,562
2023-01-17,639
2023-01-18,622
2023-01-19,558
2023-01-20,552
2023-01-21,354
2023-01-22,396
2023-01-23,579
2023-01-24,571
2023-01-25,601
2023-01-26,577
2023-01-27,468
2023-01-28,346
2023-01-29,349
2023-01-30,487
2023-01-31,524
2023-02-01,517
2023-02-02,542
2023-02-03,458
2023-02-04,344
2023-02-05,346
2023-02-06,434
2023-02-07,522
2023-02-08,458
2023-02-09,425
2023-02-10,388
2023-02-11,262
2023-02-12,254
2023-02-13,290
2023-02-14,269
2023-02-15,190
2023-02-16,17
